image_location,label
0\0.png,0
0\1.png,0
0\10.png,0
0\11.png,0
0\12.png,0
0\2.png,0
0\2181.png,0
0\2204.png,0
0\2205.png,0
0\2206.png,0
0\2207.png,0
0\2208.png,0
0\2209.png,0
0\2210.png,0
0\2211.png,0
0\2212.png,0
0\2213.png,0
0\2214.png,0
0\2215.png,0
0\2216.png,0
0\2217.png,0
0\2218.png,0
0\2219.png,0
0\2220.png,0
0\2221.png,0
0\2222.png,0
0\2223.png,0
0\2224.png,0
0\2225.png,0
0\2226.png,0
0\2255.png,0
0\2256.png,0
0\2257.png,0
0\2258.png,0
0\2259.png,0
0\2260.png,0
0\2261.png,0
0\2262.png,0
0\2263.png,0
0\2264.png,0
0\2302.png,0
0\2303.png,0
0\2304.png,0
0\2305.png,0
0\2306.png,0
0\2307.png,0
0\2308.png,0
0\2340.png,0
0\2341.png,0
0\2342.png,0
0\2343.png,0
0\2344.png,0
0\2345.png,0
0\2346.png,0
0\2347.png,0
0\2410.png,0
0\2411.png,0
0\2412.png,0
0\2413.png,0
0\2414.png,0
0\2415.png,0
0\2416.png,0
0\2417.png,0
0\2418.png,0
0\2419.png,0
0\2420.png,0
0\2421.png,0
0\2422.png,0
0\2450.png,0
0\2451.png,0
0\2452.png,0
0\2453.png,0
0\2454.png,0
0\2455.png,0
0\2456.png,0
0\2457.png,0
0\2458.png,0
0\2459.png,0
0\2460.png,0
0\2461.png,0
0\2462.png,0
0\2463.png,0
0\2464.png,0
0\2465.png,0
0\2466.png,0
0\2467.png,0
0\2468.png,0
0\2476.png,0
0\2477.png,0
0\2478.png,0
0\2479.png,0
0\2480.png,0
0\2481.png,0
0\2482.png,0
0\2483.png,0
0\2484.png,0
0\2485.png,0
0\2486.png,0
0\2487.png,0
0\2526.png,0
0\2527.png,0
0\2542.png,0
0\2543.png,0
0\2544.png,0
0\2545.png,0
0\2546.png,0
0\2547.png,0
0\2548.png,0
0\2549.png,0
0\2550.png,0
0\2551.png,0
0\2552.png,0
0\2553.png,0
0\2554.png,0
0\2555.png,0
0\2556.png,0
0\2557.png,0
0\2558.png,0
0\2559.png,0
0\2560.png,0
0\2561.png,0
0\2572.png,0
0\2573.png,0
0\2574.png,0
0\2575.png,0
0\2576.png,0
0\2577.png,0
0\2578.png,0
0\2579.png,0
0\2580.png,0
0\2581.png,0
0\2582.png,0
0\2583.png,0
0\2584.png,0
0\2585.png,0
0\2586.png,0
0\2587.png,0
0\2588.png,0
0\2589.png,0
0\2590.png,0
0\2591.png,0
0\2592.png,0
0\2593.png,0
0\2648.png,0
0\2649.png,0
0\2650.png,0
0\2660.png,0
0\2661.png,0
0\2662.png,0
0\2663.png,0
0\2664.png,0
0\2665.png,0
0\2666.png,0
0\2667.png,0
0\2668.png,0
0\2669.png,0
0\2670.png,0
0\2671.png,0
0\2672.png,0
0\2673.png,0
0\2674.png,0
0\2675.png,0
0\2676.png,0
0\2677.png,0
0\2814.png,0
0\2815.png,0
0\2816.png,0
0\2817.png,0
0\2818.png,0
0\2819.png,0
0\2820.png,0
0\2821.png,0
0\2822.png,0
0\2823.png,0
0\2824.png,0
0\2825.png,0
0\2826.png,0
0\2827.png,0
0\2828.png,0
0\2829.png,0
0\2830.png,0
0\2831.png,0
0\2832.png,0
0\2833.png,0
0\2866.png,0
0\2867.png,0
0\2868.png,0
0\2869.png,0
0\2870.png,0
0\2871.png,0
0\2872.png,0
0\2873.png,0
0\2874.png,0
0\2875.png,0
0\2876.png,0
0\2921.png,0
0\2922.png,0
0\2923.png,0
0\2924.png,0
0\2925.png,0
0\2926.png,0
0\2927.png,0
0\2928.png,0
0\2929.png,0
0\2930.png,0
0\2931.png,0
0\2932.png,0
0\2933.png,0
0\3.png,0
0\3037.png,0
0\3038.png,0
0\3039.png,0
0\3040.png,0
0\3041.png,0
0\3042.png,0
0\3043.png,0
0\3044.png,0
0\3045.png,0
0\3046.png,0
0\3047.png,0
0\3048.png,0
0\3049.png,0
0\3050.png,0
0\3051.png,0
0\3052.png,0
0\3053.png,0
0\3054.png,0
0\3055.png,0
0\3056.png,0
0\3057.png,0
0\3058.png,0
0\3059.png,0
0\3060.png,0
0\3061.png,0
0\3101.png,0
0\3102.png,0
0\3103.png,0
0\3121.png,0
0\3122.png,0
0\3123.png,0
0\3124.png,0
0\3125.png,0
0\3126.png,0
0\3127.png,0
0\3128.png,0
0\3129.png,0
0\3130.png,0
0\3131.png,0
0\3132.png,0
0\3229.png,0
0\3230.png,0
0\3244.png,0
0\3245.png,0
0\3246.png,0
0\3247.png,0
0\3248.png,0
0\3249.png,0
0\3250.png,0
0\3251.png,0
0\3252.png,0
0\3253.png,0
0\3254.png,0
0\3296.png,0
0\3297.png,0
0\3298.png,0
0\3299.png,0
0\3300.png,0
0\3301.png,0
0\3342.png,0
0\3343.png,0
0\3344.png,0
0\3345.png,0
0\3346.png,0
0\3347.png,0
0\3348.png,0
0\3349.png,0
0\3350.png,0
0\3351.png,0
0\3373.png,0
0\3374.png,0
0\3375.png,0
0\3376.png,0
0\3377.png,0
0\3378.png,0
0\3379.png,0
0\3380.png,0
0\3381.png,0
0\3382.png,0
0\3383.png,0
0\3384.png,0
0\3385.png,0
0\3386.png,0
0\3387.png,0
0\3388.png,0
0\3389.png,0
0\3418.png,0
0\3419.png,0
0\3420.png,0
0\3421.png,0
0\3422.png,0
0\3423.png,0
0\3424.png,0
0\3425.png,0
0\3426.png,0
0\3427.png,0
0\3428.png,0
0\3429.png,0
0\3430.png,0
0\3431.png,0
0\3432.png,0
0\3433.png,0
0\3434.png,0
0\3473.png,0
0\3474.png,0
0\3475.png,0
0\3476.png,0
0\3477.png,0
0\3478.png,0
0\3479.png,0
0\3480.png,0
0\3481.png,0
0\3482.png,0
0\3483.png,0
0\3484.png,0
0\3485.png,0
0\3486.png,0
0\3491.png,0
0\3492.png,0
0\3493.png,0
0\3494.png,0
0\3495.png,0
0\3496.png,0
0\3497.png,0
0\3498.png,0
0\3499.png,0
0\3500.png,0
0\3501.png,0
0\3502.png,0
0\3503.png,0
0\3504.png,0
0\3505.png,0
0\3506.png,0
0\3507.png,0
0\3508.png,0
0\3509.png,0
0\3510.png,0
0\3511.png,0
0\3512.png,0
0\3513.png,0
0\3514.png,0
0\3515.png,0
0\3516.png,0
0\3558.png,0
0\3559.png,0
0\3560.png,0
0\3561.png,0
0\3562.png,0
0\3563.png,0
0\3564.png,0
0\3565.png,0
0\3566.png,0
0\3679.png,0
0\3680.png,0
0\3681.png,0
0\3682.png,0
0\3683.png,0
0\3684.png,0
0\3844.png,0
0\3845.png,0
0\3846.png,0
0\3963.png,0
0\3964.png,0
0\3965.png,0
0\3966.png,0
0\3967.png,0
0\3968.png,0
0\3969.png,0
0\3970.png,0
0\3971.png,0
0\3972.png,0
0\3973.png,0
0\3974.png,0
0\3975.png,0
0\3976.png,0
0\3977.png,0
0\3978.png,0
0\3979.png,0
0\4.png,0
0\4019.png,0
0\4020.png,0
0\4059.png,0
0\4060.png,0
0\4061.png,0
0\4062.png,0
0\4063.png,0
0\4064.png,0
0\4065.png,0
0\4066.png,0
0\4067.png,0
0\4068.png,0
0\4069.png,0
0\4070.png,0
0\4071.png,0
0\4072.png,0
0\4073.png,0
0\4074.png,0
0\4105.png,0
0\4107.png,0
0\4111.png,0
0\4143.png,0
0\4144.png,0
0\4145.png,0
0\4146.png,0
0\4147.png,0
0\4148.png,0
0\4149.png,0
0\4150.png,0
0\4151.png,0
0\4152.png,0
0\4153.png,0
0\4154.png,0
0\4155.png,0
0\4285.png,0
0\4286.png,0
0\4287.png,0
0\4288.png,0
0\4289.png,0
0\4290.png,0
0\4291.png,0
0\4317.png,0
0\4318.png,0
0\4319.png,0
0\4320.png,0
0\4321.png,0
0\4322.png,0
0\4408.png,0
0\4409.png,0
0\4410.png,0
0\4411.png,0
0\4413.png,0
0\4414.png,0
0\4415.png,0
0\4416.png,0
0\4417.png,0
0\4418.png,0
0\4419.png,0
0\4420.png,0
0\4421.png,0
0\4422.png,0
0\4423.png,0
0\4424.png,0
0\4425.png,0
0\4426.png,0
0\4427.png,0
0\4428.png,0
0\4429.png,0
0\4430.png,0
0\4431.png,0
0\4432.png,0
0\4433.png,0
0\4434.png,0
0\4435.png,0
0\4436.png,0
0\4437.png,0
0\4438.png,0
0\4439.png,0
0\4440.png,0
0\4441.png,0
0\4442.png,0
0\4443.png,0
0\4444.png,0
0\4537.png,0
0\4538.png,0
0\4539.png,0
0\4540.png,0
0\4541.png,0
0\4542.png,0
0\4543.png,0
0\4544.png,0
0\4545.png,0
0\4546.png,0
0\4547.png,0
0\4548.png,0
0\4549.png,0
0\4564.png,0
0\4565.png,0
0\4566.png,0
0\4567.png,0
0\4568.png,0
0\4569.png,0
0\4570.png,0
0\4571.png,0
0\4572.png,0
0\4573.png,0
0\4574.png,0
0\4575.png,0
0\4603.png,0
0\4604.png,0
0\4605.png,0
0\4606.png,0
0\4607.png,0
0\4608.png,0
0\4609.png,0
0\4610.png,0
0\4611.png,0
0\4612.png,0
0\4613.png,0
0\4614.png,0
0\4615.png,0
0\4616.png,0
0\4617.png,0
0\4618.png,0
0\4619.png,0
0\4620.png,0
0\4661.png,0
0\4662.png,0
0\4663.png,0
0\4664.png,0
0\4665.png,0
0\4666.png,0
0\4667.png,0
0\4725.png,0
0\4726.png,0
0\4727.png,0
0\4728.png,0
0\4729.png,0
0\4730.png,0
0\4731.png,0
0\4732.png,0
0\4733.png,0
0\4734.png,0
0\4735.png,0
0\4736.png,0
0\4737.png,0
0\4773.png,0
0\4774.png,0
0\4836.png,0
0\4837.png,0
0\4838.png,0
0\4839.png,0
0\4840.png,0
0\4841.png,0
0\4842.png,0
0\4843.png,0
0\4844.png,0
0\4845.png,0
0\4846.png,0
0\4847.png,0
0\4848.png,0
0\4849.png,0
0\4850.png,0
0\4868.png,0
0\4894.png,0
0\4895.png,0
0\4896.png,0
0\4897.png,0
0\4898.png,0
0\4899.png,0
0\4900.png,0
0\4901.png,0
0\4902.png,0
0\4903.png,0
0\4904.png,0
0\4905.png,0
0\4906.png,0
0\4951.png,0
0\4952.png,0
0\4953.png,0
0\4954.png,0
0\4955.png,0
0\4956.png,0
0\4957.png,0
0\4958.png,0
0\4959.png,0
0\4960.png,0
0\4961.png,0
0\4962.png,0
0\4963.png,0
0\4964.png,0
0\4965.png,0
0\4966.png,0
0\4993.png,0
0\4994.png,0
0\4995.png,0
0\4996.png,0
0\4997.png,0
0\4998.png,0
0\4999.png,0
0\5.png,0
0\5000.png,0
0\5001.png,0
0\5002.png,0
0\5003.png,0
0\5004.png,0
0\5005.png,0
0\5006.png,0
0\5007.png,0
0\5008.png,0
0\5039.png,0
0\5040.png,0
0\5041.png,0
0\5042.png,0
0\5043.png,0
0\5044.png,0
0\5045.png,0
0\5046.png,0
0\5047.png,0
0\5048.png,0
0\5049.png,0
0\5050.png,0
0\5051.png,0
0\5052.png,0
0\5053.png,0
0\5054.png,0
0\5055.png,0
0\5092.png,0
0\5093.png,0
0\5094.png,0
0\5095.png,0
0\5096.png,0
0\5097.png,0
0\5098.png,0
0\5099.png,0
0\5100.png,0
0\5150.png,0
0\5151.png,0
0\5152.png,0
0\5153.png,0
0\5154.png,0
0\5155.png,0
0\5156.png,0
0\5157.png,0
0\5158.png,0
0\5159.png,0
0\5160.png,0
0\5161.png,0
0\5162.png,0
0\5192.png,0
0\5193.png,0
0\5194.png,0
0\5254.png,0
0\5255.png,0
0\5256.png,0
0\5257.png,0
0\5258.png,0
0\5259.png,0
0\5260.png,0
0\5261.png,0
0\5262.png,0
0\5263.png,0
0\5264.png,0
0\5336.png,0
0\5337.png,0
0\5338.png,0
0\5339.png,0
0\5340.png,0
0\5341.png,0
0\5342.png,0
0\5343.png,0
0\5344.png,0
0\5345.png,0
0\5346.png,0
0\5347.png,0
0\5348.png,0
0\5349.png,0
0\5350.png,0
0\5351.png,0
0\5352.png,0
0\5353.png,0
0\5354.png,0
0\5355.png,0
0\5356.png,0
0\5357.png,0
0\5358.png,0
0\5359.png,0
0\5360.png,0
0\5361.png,0
0\5362.png,0
0\5363.png,0
0\5364.png,0
0\5365.png,0
0\5366.png,0
0\5367.png,0
0\5368.png,0
0\5369.png,0
0\5370.png,0
0\5371.png,0
0\5372.png,0
0\5373.png,0
0\5374.png,0
0\5416.png,0
0\5417.png,0
0\5418.png,0
0\5419.png,0
0\5420.png,0
0\5421.png,0
0\5422.png,0
0\5423.png,0
0\5424.png,0
0\5425.png,0
0\5426.png,0
0\5427.png,0
0\5428.png,0
0\5429.png,0
0\5430.png,0
0\5431.png,0
0\5451.png,0
0\5452.png,0
0\5453.png,0
0\5454.png,0
0\5455.png,0
0\5456.png,0
0\5457.png,0
0\5458.png,0
0\5459.png,0
0\5460.png,0
0\5461.png,0
0\5462.png,0
0\5463.png,0
0\5464.png,0
0\5465.png,0
0\5466.png,0
0\5467.png,0
0\5468.png,0
0\5469.png,0
0\5470.png,0
0\5471.png,0
0\5472.png,0
0\5473.png,0
0\5474.png,0
0\5475.png,0
0\5478.png,0
0\5479.png,0
0\5480.png,0
0\5482.png,0
0\5483.png,0
0\5484.png,0
0\5490.png,0
0\5491.png,0
0\5492.png,0
0\5493.png,0
0\5494.png,0
0\5495.png,0
0\5496.png,0
0\5497.png,0
0\5498.png,0
0\5499.png,0
0\5500.png,0
0\5501.png,0
0\5502.png,0
0\5503.png,0
0\5558.png,0
0\5559.png,0
0\5560.png,0
0\5561.png,0
0\5562.png,0
0\5563.png,0
0\5564.png,0
0\5565.png,0
0\5566.png,0
0\5567.png,0
0\5568.png,0
0\5569.png,0
0\5570.png,0
0\5593.png,0
0\5594.png,0
0\5595.png,0
0\5596.png,0
0\5597.png,0
0\5598.png,0
0\5599.png,0
0\5600.png,0
0\5601.png,0
0\5602.png,0
0\5603.png,0
0\5604.png,0
0\5624.png,0
0\5625.png,0
0\5626.png,0
0\5627.png,0
0\5628.png,0
0\5629.png,0
0\5630.png,0
0\5631.png,0
0\5632.png,0
0\5633.png,0
0\5634.png,0
0\5635.png,0
0\5636.png,0
0\5637.png,0
0\5638.png,0
0\5639.png,0
0\5640.png,0
0\5641.png,0
0\5642.png,0
0\5643.png,0
0\5644.png,0
0\5645.png,0
0\5646.png,0
0\5647.png,0
0\5648.png,0
0\5649.png,0
0\5650.png,0
0\5651.png,0
0\5652.png,0
0\5653.png,0
0\5654.png,0
0\5655.png,0
0\5656.png,0
0\5657.png,0
0\5658.png,0
0\5659.png,0
0\5660.png,0
0\5661.png,0
0\5662.png,0
0\5663.png,0
0\5664.png,0
0\5665.png,0
0\5676.png,0
0\5677.png,0
0\5678.png,0
0\5679.png,0
0\5680.png,0
0\5681.png,0
0\5682.png,0
0\5683.png,0
0\5762.png,0
0\5763.png,0
0\5764.png,0
0\5765.png,0
0\5766.png,0
0\5767.png,0
0\5768.png,0
0\5769.png,0
0\5770.png,0
0\5771.png,0
0\5772.png,0
0\5773.png,0
0\5774.png,0
0\5775.png,0
0\5915.png,0
0\5916.png,0
0\5917.png,0
0\5918.png,0
0\5919.png,0
0\5920.png,0
0\5921.png,0
0\5922.png,0
0\5923.png,0
0\5924.png,0
0\5925.png,0
0\5926.png,0
0\5927.png,0
0\6.png,0
0\6018.png,0
0\6019.png,0
0\6020.png,0
0\6021.png,0
0\6022.png,0
0\6023.png,0
0\6024.png,0
0\6025.png,0
0\6026.png,0
0\6027.png,0
0\6028.png,0
0\6029.png,0
0\6030.png,0
0\6031.png,0
0\6032.png,0
0\6033.png,0
0\6034.png,0
0\6035.png,0
0\6036.png,0
0\6037.png,0
0\6038.png,0
0\6039.png,0
0\6040.png,0
0\6041.png,0
0\6042.png,0
0\6043.png,0
0\6044.png,0
0\6045.png,0
0\6046.png,0
0\6047.png,0
0\6048.png,0
0\6049.png,0
0\6050.png,0
0\6066.png,0
0\6067.png,0
0\6068.png,0
0\6069.png,0
0\6070.png,0
0\6071.png,0
0\6072.png,0
0\6073.png,0
0\6074.png,0
0\6075.png,0
0\6076.png,0
0\6077.png,0
0\6078.png,0
0\6079.png,0
0\6080.png,0
0\6081.png,0
0\6082.png,0
0\6083.png,0
0\6084.png,0
0\6085.png,0
0\6086.png,0
0\6087.png,0
0\6088.png,0
0\6089.png,0
0\6090.png,0
0\6091.png,0
0\6092.png,0
0\6093.png,0
0\6094.png,0
0\6095.png,0
0\6096.png,0
0\6097.png,0
0\6098.png,0
0\6099.png,0
0\6100.png,0
0\6101.png,0
0\6102.png,0
0\6103.png,0
0\6104.png,0
0\6105.png,0
0\6106.png,0
0\6107.png,0
0\6108.png,0
0\6109.png,0
0\6110.png,0
0\6111.png,0
0\6112.png,0
0\6113.png,0
0\6125.png,0
0\6126.png,0
0\6127.png,0
0\6128.png,0
0\6129.png,0
0\6130.png,0
0\6131.png,0
0\6132.png,0
0\6133.png,0
0\6134.png,0
0\6135.png,0
0\6136.png,0
0\6137.png,0
0\6138.png,0
0\6139.png,0
0\6140.png,0
0\6141.png,0
0\6142.png,0
0\6143.png,0
0\6144.png,0
0\6145.png,0
0\6146.png,0
0\6147.png,0
0\6148.png,0
0\6149.png,0
0\6150.png,0
0\6151.png,0
0\6152.png,0
0\6153.png,0
0\6154.png,0
0\6155.png,0
0\6156.png,0
0\6157.png,0
0\6158.png,0
0\6182.png,0
0\6183.png,0
0\6184.png,0
0\6185.png,0
0\6186.png,0
0\6187.png,0
0\6188.png,0
0\6189.png,0
0\6190.png,0
0\6191.png,0
0\6192.png,0
0\6193.png,0
0\6194.png,0
0\6195.png,0
0\6196.png,0
0\6197.png,0
0\6198.png,0
0\6199.png,0
0\6200.png,0
0\6201.png,0
0\6202.png,0
0\6203.png,0
0\6204.png,0
0\6205.png,0
0\6206.png,0
0\6207.png,0
0\6208.png,0
0\6209.png,0
0\6210.png,0
0\6211.png,0
0\6212.png,0
0\6213.png,0
0\6231.png,0
0\6232.png,0
0\6233.png,0
0\6234.png,0
0\6235.png,0
0\6236.png,0
0\6237.png,0
0\6238.png,0
0\6239.png,0
0\6240.png,0
0\6241.png,0
0\6242.png,0
0\6243.png,0
0\6244.png,0
0\6245.png,0
0\6246.png,0
0\6264.png,0
0\6294.png,0
0\6295.png,0
0\6296.png,0
0\6297.png,0
0\6298.png,0
0\6299.png,0
0\6300.png,0
0\6301.png,0
0\6302.png,0
0\6303.png,0
0\6304.png,0
0\6305.png,0
0\6333.png,0
0\6334.png,0
0\6335.png,0
0\6336.png,0
0\6337.png,0
0\6338.png,0
0\6339.png,0
0\6340.png,0
0\6341.png,0
0\6342.png,0
0\6343.png,0
0\6344.png,0
0\6356.png,0
0\6357.png,0
0\6358.png,0
0\6359.png,0
0\6360.png,0
0\6361.png,0
0\6362.png,0
0\6363.png,0
0\6364.png,0
0\6365.png,0
0\6366.png,0
0\6367.png,0
0\6368.png,0
0\6369.png,0
0\6430.png,0
0\6431.png,0
0\6432.png,0
0\6433.png,0
0\6434.png,0
0\6435.png,0
0\6436.png,0
0\6437.png,0
0\6438.png,0
0\6439.png,0
0\6440.png,0
0\6441.png,0
0\6442.png,0
0\6443.png,0
0\6444.png,0
0\6445.png,0
0\6446.png,0
0\6447.png,0
0\6448.png,0
0\6454.png,0
0\6455.png,0
0\6456.png,0
0\6457.png,0
0\6458.png,0
0\6459.png,0
0\6460.png,0
0\6461.png,0
0\6462.png,0
0\6463.png,0
0\6464.png,0
0\6465.png,0
0\6525.png,0
0\6526.png,0
0\6527.png,0
0\6528.png,0
0\6529.png,0
0\6530.png,0
0\6531.png,0
0\6532.png,0
0\6533.png,0
0\6534.png,0
0\6535.png,0
0\6536.png,0
0\6537.png,0
0\6553.png,0
0\6554.png,0
0\6555.png,0
0\6556.png,0
0\6557.png,0
0\6558.png,0
0\6559.png,0
0\6560.png,0
0\6561.png,0
0\6562.png,0
0\6563.png,0
0\6564.png,0
0\6739.png,0
0\6740.png,0
0\6755.png,0
0\6864.png,0
0\6865.png,0
0\6866.png,0
0\6899.png,0
0\6969.png,0
0\6970.png,0
0\6971.png,0
0\6972.png,0
0\6973.png,0
0\6978.png,0
0\6979.png,0
0\6980.png,0
0\6981.png,0
0\6982.png,0
0\6983.png,0
0\6984.png,0
0\6985.png,0
0\6986.png,0
0\6987.png,0
0\7.png,0
0\7084.png,0
0\7085.png,0
0\7129.png,0
0\7130.png,0
0\7131.png,0
0\7132.png,0
0\7133.png,0
0\7134.png,0
0\7135.png,0
0\7136.png,0
0\7137.png,0
0\7138.png,0
0\7139.png,0
0\7140.png,0
0\7141.png,0
0\7142.png,0
0\7143.png,0
0\7144.png,0
0\7145.png,0
0\7146.png,0
0\7147.png,0
0\7148.png,0
0\7149.png,0
0\7169.png,0
0\7170.png,0
0\7171.png,0
0\7172.png,0
0\7173.png,0
0\7183.png,0
0\7184.png,0
0\7215.png,0
0\7216.png,0
0\7217.png,0
0\7218.png,0
0\7219.png,0
0\7220.png,0
0\7221.png,0
0\7222.png,0
0\7223.png,0
0\7224.png,0
0\7225.png,0
0\7226.png,0
0\7227.png,0
0\7228.png,0
0\7229.png,0
0\7230.png,0
0\7231.png,0
0\7260.png,0
0\7261.png,0
0\7262.png,0
0\7263.png,0
0\7264.png,0
0\7265.png,0
0\7266.png,0
0\7267.png,0
0\7268.png,0
0\7269.png,0
0\7270.png,0
0\7271.png,0
0\7272.png,0
0\7289.png,0
0\7290.png,0
0\7291.png,0
0\7292.png,0
0\7293.png,0
0\7294.png,0
0\7295.png,0
0\7296.png,0
0\7297.png,0
0\7298.png,0
0\7299.png,0
0\7300.png,0
0\7301.png,0
0\7302.png,0
0\7303.png,0
0\7326.png,0
0\7337.png,0
0\7338.png,0
0\7339.png,0
0\7340.png,0
0\7341.png,0
0\7342.png,0
0\7343.png,0
0\7344.png,0
0\7345.png,0
0\7346.png,0
0\7347.png,0
0\7387.png,0
0\7394.png,0
0\7413.png,0
0\7414.png,0
0\7415.png,0
0\7416.png,0
0\7417.png,0
0\7418.png,0
0\7419.png,0
0\7420.png,0
0\7421.png,0
0\7458.png,0
0\7459.png,0
0\7460.png,0
0\7461.png,0
0\7462.png,0
0\7463.png,0
0\7464.png,0
0\7465.png,0
0\7466.png,0
0\7467.png,0
0\7506.png,0
0\7507.png,0
0\7508.png,0
0\7509.png,0
0\7510.png,0
0\7511.png,0
0\7512.png,0
0\7513.png,0
0\7650.png,0
0\7651.png,0
0\7652.png,0
0\7653.png,0
0\7654.png,0
0\7655.png,0
0\7656.png,0
0\7657.png,0
0\7658.png,0
0\7659.png,0
0\7660.png,0
0\7661.png,0
0\7662.png,0
0\7663.png,0
0\7664.png,0
0\7665.png,0
0\7666.png,0
0\7667.png,0
0\7704.png,0
0\7705.png,0
0\7706.png,0
0\7707.png,0
0\7708.png,0
0\7709.png,0
0\7710.png,0
0\7740.png,0
0\7741.png,0
0\7742.png,0
0\7743.png,0
0\7744.png,0
0\7745.png,0
0\7746.png,0
0\7747.png,0
0\7748.png,0
0\7749.png,0
0\7766.png,0
0\7767.png,0
0\7768.png,0
0\7769.png,0
0\7770.png,0
0\7771.png,0
0\7772.png,0
0\7773.png,0
0\7774.png,0
0\7775.png,0
0\7776.png,0
0\7777.png,0
0\7778.png,0
0\7779.png,0
0\7780.png,0
0\7781.png,0
0\7782.png,0
0\7806.png,0
0\7807.png,0
0\7808.png,0
0\7809.png,0
0\7810.png,0
0\7811.png,0
0\7812.png,0
0\7813.png,0
0\7825.png,0
0\7826.png,0
0\7827.png,0
0\7828.png,0
0\7829.png,0
0\7830.png,0
0\7831.png,0
0\7832.png,0
0\7840.png,0
0\7841.png,0
0\7842.png,0
0\7843.png,0
0\7844.png,0
0\7845.png,0
0\7846.png,0
0\7847.png,0
0\7848.png,0
0\7849.png,0
0\7850.png,0
0\7851.png,0
0\7852.png,0
0\7853.png,0
0\7892.png,0
0\7893.png,0
0\7894.png,0
0\7895.png,0
0\7896.png,0
0\7897.png,0
0\7898.png,0
0\7899.png,0
0\7900.png,0
0\7901.png,0
0\7902.png,0
0\7903.png,0
0\7904.png,0
0\7905.png,0
0\7906.png,0
0\7926.png,0
0\7927.png,0
0\7928.png,0
0\7929.png,0
0\7930.png,0
0\7931.png,0
0\7932.png,0
0\7933.png,0
0\7934.png,0
0\7935.png,0
0\7936.png,0
0\7937.png,0
0\7938.png,0
0\7972.png,0
0\7973.png,0
0\7974.png,0
0\7975.png,0
0\7976.png,0
0\7977.png,0
0\7978.png,0
0\7979.png,0
0\7980.png,0
0\7981.png,0
0\7982.png,0
0\7983.png,0
0\7984.png,0
0\7985.png,0
0\7986.png,0
0\7987.png,0
0\8.png,0
0\8058.png,0
0\8059.png,0
0\8060.png,0
0\8061.png,0
0\8062.png,0
0\8063.png,0
0\8064.png,0
0\8065.png,0
0\8066.png,0
0\8067.png,0
0\8068.png,0
0\8129.png,0
0\8130.png,0
0\8131.png,0
0\8132.png,0
0\8133.png,0
0\8134.png,0
0\8135.png,0
0\8136.png,0
0\8137.png,0
0\8138.png,0
0\8139.png,0
0\8140.png,0
0\8141.png,0
0\8142.png,0
0\8143.png,0
0\8144.png,0
0\8145.png,0
0\8146.png,0
0\8147.png,0
0\8148.png,0
0\8149.png,0
0\8150.png,0
0\8151.png,0
0\8152.png,0
0\8160.png,0
0\8161.png,0
0\8162.png,0
0\8163.png,0
0\8164.png,0
0\8165.png,0
0\8166.png,0
0\8167.png,0
0\8168.png,0
0\8169.png,0
0\8170.png,0
0\8171.png,0
0\8172.png,0
0\8173.png,0
0\8174.png,0
0\8175.png,0
0\8176.png,0
0\8177.png,0
0\8178.png,0
0\8179.png,0
0\9.png,0
1\1829.png,1
1\1830.png,1
1\1831.png,1
1\1832.png,1
1\1833.png,1
1\1944.png,1
1\1945.png,1
1\1946.png,1
1\1947.png,1
1\1948.png,1
1\1949.png,1
1\1950.png,1
1\1951.png,1
1\1952.png,1
1\1953.png,1
1\1954.png,1
1\2010.png,1
1\2011.png,1
1\2012.png,1
1\2013.png,1
1\2014.png,1
1\2015.png,1
1\2016.png,1
1\2017.png,1
1\2018.png,1
1\2019.png,1
1\2020.png,1
1\2021.png,1
1\2022.png,1
1\2023.png,1
1\2024.png,1
1\2025.png,1
1\2026.png,1
1\2027.png,1
1\2028.png,1
1\2029.png,1
1\2030.png,1
1\2031.png,1
1\2032.png,1
1\2033.png,1
1\2034.png,1
1\2035.png,1
1\2036.png,1
1\2037.png,1
1\2877.png,1
1\2878.png,1
1\2879.png,1
1\2880.png,1
1\2881.png,1
1\2882.png,1
1\2883.png,1
1\2884.png,1
1\2885.png,1
1\2886.png,1
1\2887.png,1
1\2888.png,1
1\2889.png,1
1\2890.png,1
1\2891.png,1
1\2892.png,1
1\2893.png,1
1\2894.png,1
1\2895.png,1
1\2896.png,1
1\2897.png,1
1\2898.png,1
1\2899.png,1
1\2900.png,1
1\2901.png,1
1\2902.png,1
1\2903.png,1
1\2904.png,1
1\2905.png,1
1\7042.png,1
1\7043.png,1
1\7044.png,1
1\7045.png,1
1\7046.png,1
1\7047.png,1
1\7048.png,1
1\7049.png,1
1\7050.png,1
1\7051.png,1
1\7052.png,1
1\7053.png,1
1\7054.png,1
1\7055.png,1
1\7056.png,1
1\7057.png,1
1\7058.png,1
1\7059.png,1
1\7060.png,1
1\7061.png,1
1\7062.png,1
1\7063.png,1
1\7064.png,1
1\7065.png,1
1\7066.png,1
1\7067.png,1
1\7068.png,1
1\7069.png,1
1\7070.png,1
1\7071.png,1
1\7072.png,1
1\7073.png,1
1\7074.png,1
1\7075.png,1
1\7076.png,1
1\7077.png,1
1\7078.png,1
1\7079.png,1
1\7080.png,1
1\7081.png,1
1\7082.png,1
1\7106.png,1
1\7107.png,1
1\7108.png,1
1\7109.png,1
1\7110.png,1
1\7111.png,1
1\7112.png,1
1\7113.png,1
1\7114.png,1
1\7115.png,1
1\7116.png,1
1\7117.png,1
1\7118.png,1
1\7119.png,1
1\7120.png,1
1\7121.png,1
1\7122.png,1
1\7123.png,1
1\7124.png,1
1\7125.png,1
1\7127.png,1
1\7567.png,1
1\7568.png,1
1\7569.png,1
1\7570.png,1
1\7571.png,1
1\7572.png,1
1\7573.png,1
1\7574.png,1
1\7575.png,1
1\7576.png,1
1\7577.png,1
1\7578.png,1
1\7579.png,1
1\7580.png,1
1\7581.png,1
1\7582.png,1
1\7583.png,1
1\7584.png,1
1\7585.png,1
1\7586.png,1
1\7587.png,1
1\7588.png,1
1\7589.png,1
1\7590.png,1
1\7591.png,1
1\7592.png,1
1\7593.png,1
1\7594.png,1
1\7595.png,1
1\7596.png,1
1\7597.png,1
1\7598.png,1
1\7599.png,1
1\7600.png,1
1\7601.png,1
1\7602.png,1
1\7603.png,1
1\7604.png,1
1\7605.png,1
1\7606.png,1
1\7607.png,1
1\7608.png,1
1\7609.png,1
1\7610.png,1
1\7611.png,1
1\7612.png,1
1\7613.png,1
1\7614.png,1
1\7615.png,1
1\7616.png,1
1\7617.png,1
1\7625.png,1
1\7626.png,1
1\7627.png,1
1\7628.png,1
1\7629.png,1
1\7630.png,1
1\7631.png,1
1\7632.png,1
10\1146.png,10
10\1278.png,10
10\1279.png,10
10\1280.png,10
10\1281.png,10
10\1282.png,10
10\1283.png,10
10\1284.png,10
10\1285.png,10
10\1286.png,10
10\1287.png,10
10\1288.png,10
10\1289.png,10
10\1290.png,10
10\1328.png,10
10\1329.png,10
10\1330.png,10
10\1331.png,10
10\1332.png,10
10\1333.png,10
10\1334.png,10
10\1335.png,10
10\1336.png,10
10\1337.png,10
10\1338.png,10
10\1339.png,10
10\1342.png,10
10\1343.png,10
10\1344.png,10
10\1345.png,10
10\1346.png,10
10\1347.png,10
10\1348.png,10
10\1349.png,10
10\1350.png,10
10\1351.png,10
10\1352.png,10
10\1353.png,10
10\1354.png,10
10\1355.png,10
10\1356.png,10
10\1357.png,10
10\1358.png,10
10\1359.png,10
10\1360.png,10
10\1361.png,10
10\1362.png,10
10\1363.png,10
10\1364.png,10
10\1390.png,10
10\1391.png,10
10\1392.png,10
10\1393.png,10
10\1394.png,10
10\1395.png,10
10\1396.png,10
10\1397.png,10
10\1398.png,10
10\1533.png,10
10\1534.png,10
10\1535.png,10
10\1536.png,10
10\1537.png,10
10\1538.png,10
10\1539.png,10
10\1540.png,10
10\1541.png,10
10\1542.png,10
10\1543.png,10
10\1544.png,10
10\1545.png,10
10\1546.png,10
10\1547.png,10
10\1548.png,10
10\1549.png,10
10\1550.png,10
10\1551.png,10
10\1552.png,10
10\1553.png,10
10\1554.png,10
10\1555.png,10
10\1556.png,10
10\1557.png,10
10\1558.png,10
10\1559.png,10
10\1560.png,10
10\1561.png,10
10\1562.png,10
10\1563.png,10
10\1564.png,10
10\1565.png,10
10\1566.png,10
10\1567.png,10
10\1568.png,10
10\1569.png,10
10\1570.png,10
10\1571.png,10
10\1572.png,10
10\1573.png,10
10\1574.png,10
10\1575.png,10
10\1631.png,10
10\1632.png,10
10\1633.png,10
10\1634.png,10
10\1635.png,10
10\1636.png,10
10\1637.png,10
10\1638.png,10
10\1639.png,10
10\1640.png,10
10\1641.png,10
10\1642.png,10
10\1643.png,10
10\1644.png,10
10\1645.png,10
10\1646.png,10
10\1647.png,10
10\1648.png,10
10\1649.png,10
10\1650.png,10
10\1651.png,10
10\1652.png,10
10\1653.png,10
10\1654.png,10
10\1655.png,10
10\1703.png,10
10\1704.png,10
10\1705.png,10
10\1706.png,10
10\1707.png,10
10\1708.png,10
10\1709.png,10
10\1710.png,10
10\1711.png,10
10\1712.png,10
10\1713.png,10
10\1714.png,10
10\1715.png,10
10\1716.png,10
10\1717.png,10
10\1754.png,10
10\1755.png,10
10\1756.png,10
10\1757.png,10
10\1758.png,10
10\1759.png,10
10\1760.png,10
10\1761.png,10
10\1762.png,10
10\1763.png,10
10\1764.png,10
10\1765.png,10
10\1766.png,10
10\1767.png,10
10\1768.png,10
10\1769.png,10
10\1770.png,10
10\1771.png,10
10\1772.png,10
10\1773.png,10
10\1774.png,10
10\1775.png,10
10\1776.png,10
10\1777.png,10
10\1778.png,10
10\1834.png,10
10\1835.png,10
10\1836.png,10
10\1837.png,10
10\1838.png,10
10\1904.png,10
10\1905.png,10
10\1906.png,10
10\1907.png,10
10\1908.png,10
10\1909.png,10
10\1910.png,10
10\1911.png,10
10\1912.png,10
10\1913.png,10
10\3182.png,10
10\3183.png,10
10\3184.png,10
10\3185.png,10
10\3186.png,10
10\3187.png,10
10\3188.png,10
10\3189.png,10
10\3190.png,10
10\3191.png,10
10\3192.png,10
10\3193.png,10
10\3194.png,10
10\3195.png,10
10\3196.png,10
10\3197.png,10
10\3198.png,10
10\3199.png,10
10\3200.png,10
10\3201.png,10
10\3202.png,10
10\3203.png,10
10\3204.png,10
10\3400.png,10
10\3402.png,10
10\3403.png,10
10\3404.png,10
10\3405.png,10
10\3406.png,10
10\3407.png,10
10\3408.png,10
10\3409.png,10
10\3410.png,10
10\3411.png,10
10\3412.png,10
10\3413.png,10
10\3414.png,10
10\3415.png,10
10\3416.png,10
10\3417.png,10
10\3898.png,10
10\3899.png,10
10\3900.png,10
10\3901.png,10
10\3902.png,10
10\3903.png,10
10\3904.png,10
10\3905.png,10
10\3906.png,10
10\3907.png,10
10\3908.png,10
10\3909.png,10
10\3910.png,10
10\3911.png,10
10\3912.png,10
10\3913.png,10
10\3914.png,10
10\3915.png,10
10\3916.png,10
10\3917.png,10
10\3918.png,10
10\3919.png,10
10\3920.png,10
10\3921.png,10
10\3922.png,10
10\3923.png,10
10\3924.png,10
10\3925.png,10
10\3926.png,10
10\3927.png,10
10\3928.png,10
10\3929.png,10
10\3930.png,10
10\3931.png,10
10\3932.png,10
10\3933.png,10
10\3934.png,10
10\3935.png,10
10\3936.png,10
10\3937.png,10
10\3938.png,10
10\3939.png,10
10\3940.png,10
10\3941.png,10
10\3942.png,10
10\3943.png,10
10\3944.png,10
10\3945.png,10
10\3946.png,10
10\3947.png,10
10\3948.png,10
10\3949.png,10
10\3950.png,10
10\3951.png,10
10\3952.png,10
10\3953.png,10
10\3954.png,10
10\3955.png,10
10\3956.png,10
10\3957.png,10
10\3958.png,10
10\3959.png,10
10\3960.png,10
10\3961.png,10
10\3962.png,10
10\4275.png,10
10\4276.png,10
10\4277.png,10
10\4278.png,10
10\4279.png,10
10\4280.png,10
10\4281.png,10
10\4282.png,10
10\4283.png,10
10\4284.png,10
10\4405.png,10
10\4406.png,10
10\4407.png,10
10\4491.png,10
10\4492.png,10
10\4493.png,10
10\4494.png,10
10\4495.png,10
10\675.png,10
10\676.png,10
10\677.png,10
10\678.png,10
10\679.png,10
10\680.png,10
10\681.png,10
10\7648.png,10
10\7649.png,10
10\87.png,10
11\1016.png,11
11\1017.png,11
11\1018.png,11
11\1019.png,11
11\1020.png,11
11\1021.png,11
11\1022.png,11
11\1023.png,11
11\1024.png,11
11\1025.png,11
11\1026.png,11
11\1027.png,11
11\1028.png,11
11\1029.png,11
11\1030.png,11
11\1031.png,11
11\2094.png,11
11\2095.png,11
11\2096.png,11
11\2097.png,11
11\2098.png,11
11\2099.png,11
11\2100.png,11
11\2101.png,11
11\2102.png,11
11\2103.png,11
11\2104.png,11
11\2105.png,11
11\2106.png,11
11\2107.png,11
11\2108.png,11
11\2109.png,11
11\2110.png,11
11\2111.png,11
11\2112.png,11
11\2539.png,11
11\2540.png,11
11\2541.png,11
11\290.png,11
11\3205.png,11
11\3206.png,11
11\3207.png,11
11\3208.png,11
11\3209.png,11
11\3210.png,11
11\3211.png,11
11\3212.png,11
11\3213.png,11
11\3214.png,11
11\3215.png,11
11\3216.png,11
11\3217.png,11
11\3218.png,11
11\3219.png,11
11\3220.png,11
11\3221.png,11
11\3222.png,11
11\3223.png,11
11\3224.png,11
11\3225.png,11
11\3226.png,11
11\3227.png,11
11\3228.png,11
11\3549.png,11
11\3550.png,11
11\3551.png,11
11\3552.png,11
11\3553.png,11
11\3554.png,11
11\3556.png,11
11\3557.png,11
11\4137.png,11
11\4138.png,11
11\4139.png,11
11\414.png,11
11\4140.png,11
11\4141.png,11
11\4142.png,11
11\415.png,11
11\416.png,11
11\417.png,11
11\418.png,11
11\419.png,11
11\420.png,11
11\421.png,11
11\422.png,11
11\423.png,11
11\4262.png,11
11\4263.png,11
11\4264.png,11
11\4265.png,11
11\4266.png,11
11\4267.png,11
11\4268.png,11
11\4269.png,11
11\4270.png,11
11\4271.png,11
11\4272.png,11
11\4273.png,11
11\4274.png,11
11\4315.png,11
11\4316.png,11
11\4390.png,11
11\4395.png,11
11\4396.png,11
11\4397.png,11
11\4398.png,11
11\4523.png,11
11\4524.png,11
11\4525.png,11
11\4526.png,11
11\4527.png,11
11\4528.png,11
11\4529.png,11
11\4530.png,11
11\4531.png,11
11\4534.png,11
11\4724.png,11
11\4770.png,11
11\4771.png,11
11\4772.png,11
11\4817.png,11
11\4948.png,11
11\4949.png,11
11\4950.png,11
11\558.png,11
11\559.png,11
11\560.png,11
11\561.png,11
11\562.png,11
11\563.png,11
11\564.png,11
11\565.png,11
11\566.png,11
11\567.png,11
11\568.png,11
11\569.png,11
11\570.png,11
11\571.png,11
11\572.png,11
11\573.png,11
11\574.png,11
11\575.png,11
11\576.png,11
11\577.png,11
11\578.png,11
11\579.png,11
11\580.png,11
11\581.png,11
11\582.png,11
11\583.png,11
11\584.png,11
11\585.png,11
11\586.png,11
11\587.png,11
11\588.png,11
11\589.png,11
11\590.png,11
11\591.png,11
11\592.png,11
11\593.png,11
11\594.png,11
11\595.png,11
11\596.png,11
11\597.png,11
11\598.png,11
11\599.png,11
11\600.png,11
11\601.png,11
11\602.png,11
11\603.png,11
11\604.png,11
11\605.png,11
11\606.png,11
11\607.png,11
11\608.png,11
11\609.png,11
11\610.png,11
11\611.png,11
11\612.png,11
11\613.png,11
11\614.png,11
11\615.png,11
11\6261.png,11
11\6262.png,11
11\6263.png,11
11\65.png,11
11\6578.png,11
11\6579.png,11
11\6581.png,11
11\6582.png,11
11\6583.png,11
11\6591.png,11
11\6592.png,11
11\6593.png,11
11\6594.png,11
11\6595.png,11
11\6596.png,11
11\6597.png,11
11\6598.png,11
11\6599.png,11
11\6600.png,11
11\6601.png,11
11\6602.png,11
11\6603.png,11
11\6604.png,11
11\6605.png,11
11\6606.png,11
11\6607.png,11
11\6608.png,11
11\6609.png,11
11\6610.png,11
11\6611.png,11
11\6661.png,11
11\6662.png,11
11\6663.png,11
11\6748.png,11
11\6749.png,11
11\6750.png,11
11\6751.png,11
11\6752.png,11
11\6753.png,11
11\6754.png,11
11\7000.png,11
11\7083.png,11
11\7096.png,11
11\7097.png,11
11\7098.png,11
11\7099.png,11
11\7176.png,11
11\7179.png,11
11\7180.png,11
11\7181.png,11
11\7182.png,11
11\7408.png,11
11\7409.png,11
11\7410.png,11
11\7411.png,11
11\7412.png,11
11\7453.png,11
11\7454.png,11
11\7455.png,11
11\7456.png,11
11\7457.png,11
11\7505.png,11
11\7868.png,11
11\7869.png,11
11\7870.png,11
11\7871.png,11
11\7872.png,11
11\7873.png,11
11\7874.png,11
11\7875.png,11
11\7876.png,11
11\7877.png,11
11\7878.png,11
11\8121.png,11
11\8122.png,11
11\8123.png,11
11\8124.png,11
11\8125.png,11
11\8126.png,11
11\8127.png,11
11\8128.png,11
11\830.png,11
11\831.png,11
11\832.png,11
11\833.png,11
11\834.png,11
11\835.png,11
11\836.png,11
11\837.png,11
11\838.png,11
11\933.png,11
2\1083.png,2
2\1084.png,2
2\1085.png,2
2\1086.png,2
2\1087.png,2
2\1088.png,2
2\1089.png,2
2\2696.png,2
2\2697.png,2
2\2698.png,2
2\3717.png,2
2\3718.png,2
2\3719.png,2
2\3720.png,2
2\3721.png,2
2\3722.png,2
2\3723.png,2
2\3724.png,2
2\3725.png,2
2\3726.png,2
2\3727.png,2
2\3728.png,2
2\3729.png,2
2\3730.png,2
2\3731.png,2
2\3732.png,2
2\3733.png,2
2\3734.png,2
2\3735.png,2
2\3736.png,2
2\3737.png,2
2\3738.png,2
2\3739.png,2
2\3740.png,2
2\3741.png,2
2\3742.png,2
2\3743.png,2
2\3744.png,2
2\3745.png,2
2\3746.png,2
2\3747.png,2
2\3748.png,2
2\3749.png,2
2\3750.png,2
2\3751.png,2
2\3752.png,2
2\3753.png,2
2\3754.png,2
2\3755.png,2
2\3756.png,2
2\3757.png,2
2\3758.png,2
2\3759.png,2
2\3760.png,2
2\3761.png,2
2\3762.png,2
2\3763.png,2
2\3764.png,2
2\3765.png,2
2\3766.png,2
2\3767.png,2
2\3768.png,2
2\3769.png,2
2\3770.png,2
2\3771.png,2
2\3772.png,2
2\3773.png,2
2\3774.png,2
2\3775.png,2
2\3776.png,2
2\3777.png,2
2\3778.png,2
2\3779.png,2
2\4053.png,2
2\4054.png,2
2\4055.png,2
2\4056.png,2
2\4058.png,2
2\53.png,2
2\54.png,2
2\55.png,2
2\56.png,2
2\57.png,2
2\5734.png,2
2\5735.png,2
2\5736.png,2
2\5737.png,2
2\5738.png,2
2\5739.png,2
2\5740.png,2
2\5741.png,2
2\5742.png,2
2\5743.png,2
2\5744.png,2
2\5745.png,2
2\5746.png,2
2\5747.png,2
2\5748.png,2
2\5749.png,2
2\5750.png,2
2\5751.png,2
2\5752.png,2
2\5753.png,2
2\5754.png,2
2\5755.png,2
2\5756.png,2
2\5757.png,2
2\5758.png,2
2\5759.png,2
2\5760.png,2
2\5761.png,2
2\58.png,2
2\5815.png,2
2\5816.png,2
2\5817.png,2
2\5818.png,2
2\5819.png,2
2\5820.png,2
2\5821.png,2
2\5822.png,2
2\5823.png,2
2\5824.png,2
2\5825.png,2
2\5826.png,2
2\5827.png,2
2\5828.png,2
2\5829.png,2
2\5830.png,2
2\5831.png,2
2\5832.png,2
2\5877.png,2
2\5878.png,2
2\5879.png,2
2\5880.png,2
2\5881.png,2
2\5882.png,2
2\5883.png,2
2\5884.png,2
2\5885.png,2
2\5886.png,2
2\5887.png,2
2\5888.png,2
2\5889.png,2
2\5890.png,2
2\5891.png,2
2\59.png,2
2\60.png,2
2\6058.png,2
2\6059.png,2
2\6060.png,2
2\61.png,2
2\62.png,2
2\6406.png,2
2\6407.png,2
2\6408.png,2
2\6409.png,2
2\6410.png,2
2\6411.png,2
2\6412.png,2
2\6640.png,2
2\6641.png,2
2\6642.png,2
2\6643.png,2
2\6644.png,2
2\6645.png,2
2\6646.png,2
2\6647.png,2
2\6648.png,2
2\6649.png,2
2\6650.png,2
2\6651.png,2
2\6652.png,2
2\6653.png,2
2\6654.png,2
2\6655.png,2
2\6656.png,2
2\6657.png,2
2\6658.png,2
2\6670.png,2
2\6671.png,2
2\6672.png,2
2\6691.png,2
2\6692.png,2
2\6693.png,2
2\6694.png,2
2\6695.png,2
2\6696.png,2
2\6697.png,2
2\6698.png,2
2\6699.png,2
2\6700.png,2
2\6701.png,2
2\6702.png,2
2\6703.png,2
2\6704.png,2
2\6705.png,2
2\6706.png,2
2\6707.png,2
2\6708.png,2
2\6709.png,2
2\6710.png,2
2\6711.png,2
2\6731.png,2
2\6732.png,2
2\6735.png,2
2\6736.png,2
2\6775.png,2
2\6776.png,2
2\6777.png,2
2\6778.png,2
2\6779.png,2
2\6780.png,2
2\6781.png,2
2\6782.png,2
2\6783.png,2
2\6784.png,2
2\6785.png,2
2\6786.png,2
2\6787.png,2
2\6788.png,2
2\6789.png,2
2\6790.png,2
2\6791.png,2
2\6792.png,2
2\6793.png,2
2\6794.png,2
2\6795.png,2
2\6796.png,2
2\6797.png,2
2\6798.png,2
2\6799.png,2
2\6800.png,2
2\6801.png,2
2\6802.png,2
2\6803.png,2
2\6804.png,2
2\6805.png,2
2\6806.png,2
2\6807.png,2
2\6808.png,2
2\6809.png,2
2\6810.png,2
2\6811.png,2
2\6812.png,2
2\6813.png,2
2\6814.png,2
2\6939.png,2
2\6940.png,2
2\6941.png,2
2\6942.png,2
2\6943.png,2
2\6944.png,2
2\6945.png,2
2\6946.png,2
2\6947.png,2
2\6948.png,2
2\6949.png,2
2\6950.png,2
2\6951.png,2
2\6952.png,2
2\6953.png,2
2\6954.png,2
2\6955.png,2
2\6956.png,2
2\6957.png,2
2\6958.png,2
2\6959.png,2
2\6960.png,2
2\6961.png,2
2\6962.png,2
2\6963.png,2
2\6964.png,2
2\6965.png,2
2\6966.png,2
2\6967.png,2
2\6968.png,2
2\7021.png,2
2\7022.png,2
2\7023.png,2
2\7024.png,2
2\7025.png,2
2\7026.png,2
2\7027.png,2
2\7028.png,2
2\7029.png,2
2\7030.png,2
2\7031.png,2
2\7032.png,2
2\7033.png,2
2\71.png,2
2\72.png,2
2\7284.png,2
2\7285.png,2
2\7286.png,2
2\7287.png,2
2\7288.png,2
2\73.png,2
2\7335.png,2
2\7336.png,2
2\7371.png,2
2\7372.png,2
2\7373.png,2
2\7385.png,2
2\7404.png,2
2\7405.png,2
2\7891.png,2
2\79.png,2
2\80.png,2
2\8090.png,2
2\8091.png,2
2\8092.png,2
2\8093.png,2
2\81.png,2
2\890.png,2
2\891.png,2
2\892.png,2
2\893.png,2
2\894.png,2
2\895.png,2
3\1170.png,3
3\1171.png,3
3\1172.png,3
3\1173.png,3
3\1174.png,3
3\1175.png,3
3\1176.png,3
3\1222.png,3
3\1223.png,3
3\1224.png,3
3\1225.png,3
3\1226.png,3
3\1227.png,3
3\1228.png,3
3\1229.png,3
3\1230.png,3
3\1231.png,3
3\1232.png,3
3\1233.png,3
3\1234.png,3
3\1307.png,3
3\1308.png,3
3\1309.png,3
3\1310.png,3
3\1311.png,3
3\1312.png,3
3\1313.png,3
3\1314.png,3
3\1315.png,3
3\1316.png,3
3\1317.png,3
3\1318.png,3
3\1444.png,3
3\1445.png,3
3\1446.png,3
3\1447.png,3
3\1448.png,3
3\1449.png,3
3\1450.png,3
3\1451.png,3
3\1452.png,3
3\1453.png,3
3\1454.png,3
3\1502.png,3
3\1503.png,3
3\1504.png,3
3\1505.png,3
3\1506.png,3
3\1507.png,3
3\1508.png,3
3\1509.png,3
3\1510.png,3
3\1511.png,3
3\1593.png,3
3\1594.png,3
3\1595.png,3
3\1596.png,3
3\1597.png,3
3\1598.png,3
3\1599.png,3
3\1600.png,3
3\1601.png,3
3\1602.png,3
3\1671.png,3
3\1672.png,3
3\1673.png,3
3\1674.png,3
3\1675.png,3
3\1676.png,3
3\1677.png,3
3\1678.png,3
3\1679.png,3
3\1680.png,3
3\1681.png,3
3\1733.png,3
3\1734.png,3
3\1735.png,3
3\1736.png,3
3\1737.png,3
3\1738.png,3
3\1739.png,3
3\1740.png,3
3\1741.png,3
3\1742.png,3
3\1743.png,3
3\1744.png,3
3\1797.png,3
3\1798.png,3
3\1799.png,3
3\1800.png,3
3\1801.png,3
3\1802.png,3
3\1803.png,3
3\1804.png,3
3\1805.png,3
3\1806.png,3
3\1807.png,3
3\1857.png,3
3\1858.png,3
3\1859.png,3
3\1860.png,3
3\1861.png,3
3\1862.png,3
3\1863.png,3
3\1864.png,3
3\1865.png,3
3\1866.png,3
3\1867.png,3
3\191.png,3
3\192.png,3
3\193.png,3
3\194.png,3
3\195.png,3
3\196.png,3
3\1969.png,3
3\197.png,3
3\1970.png,3
3\1971.png,3
3\1972.png,3
3\1973.png,3
3\1974.png,3
3\1975.png,3
3\1976.png,3
3\1977.png,3
3\1978.png,3
3\1979.png,3
3\198.png,3
3\199.png,3
3\200.png,3
3\2064.png,3
3\2065.png,3
3\2066.png,3
3\2067.png,3
3\2068.png,3
3\2069.png,3
3\2070.png,3
3\2071.png,3
3\2072.png,3
3\2073.png,3
3\2074.png,3
3\2075.png,3
3\2076.png,3
3\2077.png,3
3\2078.png,3
3\2149.png,3
3\2150.png,3
3\2151.png,3
3\2152.png,3
3\2153.png,3
3\2154.png,3
3\2155.png,3
3\2156.png,3
3\2157.png,3
3\2158.png,3
3\2159.png,3
3\2160.png,3
3\2161.png,3
3\2274.png,3
3\2275.png,3
3\2276.png,3
3\2277.png,3
3\2278.png,3
3\2279.png,3
3\2280.png,3
3\2281.png,3
3\2282.png,3
3\2283.png,3
3\2284.png,3
3\2285.png,3
3\2286.png,3
3\2323.png,3
3\2324.png,3
3\2325.png,3
3\2326.png,3
3\2327.png,3
3\2328.png,3
3\2329.png,3
3\2330.png,3
3\2331.png,3
3\2332.png,3
3\2333.png,3
3\2334.png,3
3\2335.png,3
3\2336.png,3
3\2338.png,3
3\2339.png,3
3\2362.png,3
3\2363.png,3
3\2364.png,3
3\2365.png,3
3\2366.png,3
3\2367.png,3
3\2368.png,3
3\2369.png,3
3\2370.png,3
3\2371.png,3
3\2372.png,3
3\2373.png,3
3\2374.png,3
3\2375.png,3
3\2433.png,3
3\2434.png,3
3\2435.png,3
3\2436.png,3
3\2437.png,3
3\2438.png,3
3\2439.png,3
3\2440.png,3
3\2441.png,3
3\2442.png,3
3\2443.png,3
3\2444.png,3
3\270.png,3
3\271.png,3
3\272.png,3
3\273.png,3
3\274.png,3
3\275.png,3
3\276.png,3
3\277.png,3
3\278.png,3
3\279.png,3
3\280.png,3
3\3147.png,3
3\3148.png,3
3\3149.png,3
3\3150.png,3
3\3151.png,3
3\3152.png,3
3\3153.png,3
3\3154.png,3
3\3155.png,3
3\3156.png,3
3\3157.png,3
3\3158.png,3
3\3159.png,3
3\3160.png,3
3\3268.png,3
3\3269.png,3
3\3270.png,3
3\3271.png,3
3\3272.png,3
3\3273.png,3
3\3274.png,3
3\3275.png,3
3\3276.png,3
3\3277.png,3
3\3278.png,3
3\3279.png,3
3\3280.png,3
3\3306.png,3
3\3307.png,3
3\3308.png,3
3\3309.png,3
3\3310.png,3
3\3311.png,3
3\3312.png,3
3\3313.png,3
3\3487.png,3
3\3529.png,3
3\3530.png,3
3\3531.png,3
3\3532.png,3
3\3533.png,3
3\3534.png,3
3\3535.png,3
3\3536.png,3
3\3537.png,3
3\3538.png,3
3\3539.png,3
3\3540.png,3
3\3541.png,3
3\3542.png,3
3\3543.png,3
3\3544.png,3
3\3545.png,3
3\3546.png,3
3\3547.png,3
3\3548.png,3
3\3555.png,3
3\3574.png,3
3\3575.png,3
3\3576.png,3
3\3577.png,3
3\3578.png,3
3\3579.png,3
3\3580.png,3
3\3581.png,3
3\3582.png,3
3\3583.png,3
3\3584.png,3
3\3585.png,3
3\3661.png,3
3\3662.png,3
3\3663.png,3
3\3664.png,3
3\3665.png,3
3\3666.png,3
3\3667.png,3
3\3668.png,3
3\3669.png,3
3\3672.png,3
3\3673.png,3
3\3674.png,3
3\3675.png,3
3\3676.png,3
3\3677.png,3
3\3678.png,3
3\3856.png,3
3\3857.png,3
3\3858.png,3
3\3859.png,3
3\3860.png,3
3\3861.png,3
3\3862.png,3
3\3863.png,3
3\3864.png,3
3\3865.png,3
3\3866.png,3
3\4000.png,3
3\4001.png,3
3\4002.png,3
3\4003.png,3
3\4004.png,3
3\4005.png,3
3\4006.png,3
3\4007.png,3
3\4008.png,3
3\4009.png,3
3\4010.png,3
3\4011.png,3
3\4012.png,3
3\4121.png,3
3\4122.png,3
3\4123.png,3
3\4124.png,3
3\4169.png,3
3\4170.png,3
3\4171.png,3
3\4172.png,3
3\4173.png,3
3\4176.png,3
3\4177.png,3
3\4178.png,3
3\4180.png,3
3\4185.png,3
3\4186.png,3
3\4187.png,3
3\4188.png,3
3\4189.png,3
3\4190.png,3
3\4191.png,3
3\4192.png,3
3\4193.png,3
3\4194.png,3
3\4195.png,3
3\4196.png,3
3\4197.png,3
3\4198.png,3
3\4199.png,3
3\4200.png,3
3\4201.png,3
3\4202.png,3
3\4203.png,3
3\4204.png,3
3\4205.png,3
3\4206.png,3
3\4207.png,3
3\4208.png,3
3\4209.png,3
3\4210.png,3
3\4211.png,3
3\4212.png,3
3\4213.png,3
3\4214.png,3
3\4215.png,3
3\4216.png,3
3\4217.png,3
3\4218.png,3
3\4219.png,3
3\4220.png,3
3\4221.png,3
3\4222.png,3
3\4223.png,3
3\4224.png,3
3\4225.png,3
3\4226.png,3
3\4227.png,3
3\4228.png,3
3\4229.png,3
3\4230.png,3
3\4231.png,3
3\4232.png,3
3\4299.png,3
3\4300.png,3
3\4301.png,3
3\4302.png,3
3\4303.png,3
3\4304.png,3
3\4305.png,3
3\4306.png,3
3\4307.png,3
3\4308.png,3
3\4309.png,3
3\4310.png,3
3\4311.png,3
3\4312.png,3
3\4313.png,3
3\4314.png,3
3\4385.png,3
3\4386.png,3
3\4387.png,3
3\4388.png,3
3\4389.png,3
3\4391.png,3
3\4392.png,3
3\4393.png,3
3\4394.png,3
3\4683.png,3
3\4684.png,3
3\4685.png,3
3\4686.png,3
3\4687.png,3
3\4688.png,3
3\4689.png,3
3\4690.png,3
3\4691.png,3
3\4692.png,3
3\4693.png,3
3\4694.png,3
3\4695.png,3
3\4696.png,3
3\4697.png,3
3\4698.png,3
3\4699.png,3
3\4700.png,3
3\4701.png,3
3\4702.png,3
3\4703.png,3
3\4704.png,3
3\4705.png,3
3\4706.png,3
3\4707.png,3
3\4708.png,3
3\4709.png,3
3\4710.png,3
3\4711.png,3
3\4712.png,3
3\4713.png,3
3\4714.png,3
3\4715.png,3
3\4716.png,3
3\4717.png,3
3\4718.png,3
3\4719.png,3
3\4720.png,3
3\4721.png,3
3\4722.png,3
3\4723.png,3
3\4750.png,3
3\4751.png,3
3\4752.png,3
3\4753.png,3
3\4754.png,3
3\4755.png,3
3\4756.png,3
3\4757.png,3
3\4758.png,3
3\4759.png,3
3\4760.png,3
3\4761.png,3
3\4762.png,3
3\4763.png,3
3\4764.png,3
3\4765.png,3
3\4766.png,3
3\4767.png,3
3\4768.png,3
3\4769.png,3
3\4794.png,3
3\4795.png,3
3\4796.png,3
3\4797.png,3
3\4798.png,3
3\4799.png,3
3\4800.png,3
3\4801.png,3
3\4802.png,3
3\4803.png,3
3\4804.png,3
3\4805.png,3
3\4806.png,3
3\4807.png,3
3\4808.png,3
3\4809.png,3
3\4810.png,3
3\4811.png,3
3\4812.png,3
3\4813.png,3
3\4814.png,3
3\4815.png,3
3\4816.png,3
3\4864.png,3
3\4865.png,3
3\4866.png,3
3\4867.png,3
3\4926.png,3
3\4927.png,3
3\4928.png,3
3\4929.png,3
3\4930.png,3
3\4931.png,3
3\4932.png,3
3\4933.png,3
3\4934.png,3
3\4935.png,3
3\4936.png,3
3\4937.png,3
3\5067.png,3
3\5068.png,3
3\5069.png,3
3\5070.png,3
3\5071.png,3
3\5072.png,3
3\5073.png,3
3\5074.png,3
3\5075.png,3
3\5076.png,3
3\5111.png,3
3\5112.png,3
3\5113.png,3
3\5114.png,3
3\5115.png,3
3\5116.png,3
3\5117.png,3
3\5118.png,3
3\5119.png,3
3\5120.png,3
3\5121.png,3
3\5178.png,3
3\5179.png,3
3\5228.png,3
3\5275.png,3
3\5276.png,3
3\5277.png,3
3\5278.png,3
3\5279.png,3
3\5280.png,3
3\5281.png,3
3\5282.png,3
3\5283.png,3
3\5284.png,3
3\5285.png,3
3\5286.png,3
3\5287.png,3
3\5288.png,3
3\5289.png,3
3\5290.png,3
3\5291.png,3
3\5292.png,3
3\5293.png,3
3\5294.png,3
3\5295.png,3
3\5296.png,3
3\5297.png,3
3\5298.png,3
3\5299.png,3
3\5300.png,3
3\5305.png,3
3\5313.png,3
3\5517.png,3
3\5518.png,3
3\5519.png,3
3\5520.png,3
3\5521.png,3
3\5522.png,3
3\5523.png,3
3\5524.png,3
3\5525.png,3
3\5526.png,3
3\5527.png,3
3\5528.png,3
3\5529.png,3
3\5530.png,3
3\5531.png,3
3\5532.png,3
3\5533.png,3
3\5534.png,3
3\5535.png,3
3\6228.png,3
3\6229.png,3
3\6230.png,3
3\6258.png,3
3\6259.png,3
3\6260.png,3
3\6279.png,3
3\6280.png,3
3\6281.png,3
3\6282.png,3
3\6283.png,3
3\6284.png,3
3\6285.png,3
3\6286.png,3
3\6287.png,3
3\6288.png,3
3\6289.png,3
3\6290.png,3
3\6291.png,3
3\6292.png,3
3\6293.png,3
3\6580.png,3
3\6584.png,3
3\6585.png,3
3\6586.png,3
3\6587.png,3
3\6588.png,3
3\6589.png,3
3\6590.png,3
3\6743.png,3
3\6744.png,3
3\7001.png,3
3\7002.png,3
3\7093.png,3
3\7094.png,3
3\7095.png,3
3\7165.png,3
3\7177.png,3
3\7178.png,3
3\7392.png,3
3\7399.png,3
3\7435.png,3
3\7436.png,3
3\7437.png,3
3\7438.png,3
3\7439.png,3
3\7440.png,3
3\7441.png,3
3\7442.png,3
3\7443.png,3
3\7444.png,3
3\7445.png,3
3\7492.png,3
3\7493.png,3
3\7494.png,3
3\7495.png,3
3\7496.png,3
3\7497.png,3
3\7498.png,3
3\7499.png,3
3\7500.png,3
3\7501.png,3
3\7502.png,3
3\7503.png,3
3\7504.png,3
3\7528.png,3
3\7529.png,3
3\7530.png,3
3\7531.png,3
3\7532.png,3
3\7533.png,3
3\7534.png,3
3\7535.png,3
3\7536.png,3
3\7537.png,3
3\7538.png,3
3\7539.png,3
3\7718.png,3
3\7719.png,3
3\7720.png,3
3\7721.png,3
3\7722.png,3
3\7723.png,3
3\7724.png,3
3\7725.png,3
3\7726.png,3
3\7727.png,3
3\7728.png,3
3\7729.png,3
3\7730.png,3
3\7731.png,3
3\7732.png,3
3\7733.png,3
3\7734.png,3
3\7793.png,3
3\7794.png,3
3\7795.png,3
3\7796.png,3
3\7797.png,3
3\7798.png,3
3\7799.png,3
3\7800.png,3
3\7801.png,3
3\7802.png,3
3\7803.png,3
3\7804.png,3
3\7805.png,3
3\7866.png,3
3\7879.png,3
3\7880.png,3
3\7881.png,3
3\7882.png,3
3\7883.png,3
3\7884.png,3
3\7885.png,3
3\7886.png,3
3\7887.png,3
3\7888.png,3
3\7889.png,3
4\1378.png,4
4\1379.png,4
4\1380.png,4
4\1381.png,4
4\1382.png,4
4\1383.png,4
4\1384.png,4
4\1385.png,4
4\1386.png,4
4\1387.png,4
4\1388.png,4
4\1389.png,4
4\1413.png,4
4\1414.png,4
4\1415.png,4
4\1416.png,4
4\1417.png,4
4\1418.png,4
4\1419.png,4
4\1420.png,4
4\1421.png,4
4\1702.png,4
4\291.png,4
4\292.png,4
4\293.png,4
4\294.png,4
4\295.png,4
4\296.png,4
4\297.png,4
4\298.png,4
4\299.png,4
4\300.png,4
4\301.png,4
4\302.png,4
4\303.png,4
4\304.png,4
4\305.png,4
4\306.png,4
4\307.png,4
4\308.png,4
4\3780.png,4
4\3781.png,4
4\3782.png,4
4\3783.png,4
4\3784.png,4
4\3785.png,4
4\3786.png,4
4\3787.png,4
4\3788.png,4
4\3789.png,4
4\3790.png,4
4\3791.png,4
4\3792.png,4
4\3793.png,4
4\3794.png,4
4\3795.png,4
4\3796.png,4
4\3797.png,4
4\3798.png,4
4\3799.png,4
4\3800.png,4
4\3801.png,4
4\3802.png,4
4\3803.png,4
4\3804.png,4
4\3805.png,4
4\3806.png,4
4\3807.png,4
4\3808.png,4
4\3809.png,4
4\3810.png,4
4\3811.png,4
4\3812.png,4
4\3813.png,4
4\3814.png,4
4\3815.png,4
4\3816.png,4
4\3817.png,4
4\3818.png,4
4\3819.png,4
4\3820.png,4
4\3821.png,4
4\3822.png,4
4\3823.png,4
4\3824.png,4
4\3825.png,4
4\3826.png,4
4\3827.png,4
4\3828.png,4
4\3829.png,4
4\3830.png,4
4\3831.png,4
4\3832.png,4
4\3833.png,4
4\3834.png,4
4\3835.png,4
4\3836.png,4
4\3837.png,4
4\3838.png,4
4\3839.png,4
4\3840.png,4
4\3841.png,4
4\3842.png,4
4\3843.png,4
4\435.png,4
4\436.png,4
4\437.png,4
4\438.png,4
4\5413.png,4
4\5414.png,4
4\7126.png,4
4\7201.png,4
5\3087.png,5
5\3231.png,5
5\3352.png,5
5\3353.png,5
5\3354.png,5
5\3355.png,5
5\3356.png,5
5\3357.png,5
5\3358.png,5
5\3359.png,5
5\3360.png,5
5\3361.png,5
5\3362.png,5
5\3390.png,5
5\3391.png,5
5\3392.png,5
5\3393.png,5
5\3394.png,5
5\3395.png,5
5\3396.png,5
5\3398.png,5
5\3399.png,5
5\3401.png,5
5\3437.png,5
5\3438.png,5
5\3439.png,5
5\3440.png,5
5\3441.png,5
5\3442.png,5
5\3443.png,5
5\3444.png,5
5\3445.png,5
5\3446.png,5
5\3447.png,5
5\40.png,5
5\4024.png,5
5\41.png,5
5\4112.png,5
5\42.png,5
5\4233.png,5
5\4234.png,5
5\4235.png,5
5\4236.png,5
5\4237.png,5
5\4238.png,5
5\4239.png,5
5\43.png,5
5\4363.png,5
5\4364.png,5
5\4365.png,5
5\4366.png,5
5\4367.png,5
5\4368.png,5
5\4369.png,5
5\4370.png,5
5\4371.png,5
5\44.png,5
5\4412.png,5
5\45.png,5
5\46.png,5
5\47.png,5
5\4775.png,5
5\4776.png,5
5\4777.png,5
5\4778.png,5
5\4779.png,5
5\4780.png,5
5\48.png,5
5\4869.png,5
5\4870.png,5
5\4871.png,5
5\4872.png,5
5\4873.png,5
5\4874.png,5
5\4875.png,5
5\4876.png,5
5\4877.png,5
5\4878.png,5
5\4879.png,5
5\4880.png,5
5\4881.png,5
5\49.png,5
5\50.png,5
5\51.png,5
5\5615.png,5
5\5616.png,5
5\5617.png,5
5\5618.png,5
5\5619.png,5
5\5620.png,5
5\5621.png,5
5\5622.png,5
5\5623.png,5
5\5684.png,5
5\5685.png,5
5\5686.png,5
5\5687.png,5
5\5688.png,5
5\5689.png,5
5\5690.png,5
5\5691.png,5
5\5692.png,5
5\5693.png,5
5\5694.png,5
5\5709.png,5
5\5710.png,5
5\5711.png,5
5\5712.png,5
5\5713.png,5
5\5714.png,5
5\5715.png,5
5\5716.png,5
5\5717.png,5
5\5718.png,5
5\5719.png,5
5\5720.png,5
5\5721.png,5
5\5722.png,5
5\5723.png,5
5\5724.png,5
5\5725.png,5
5\5726.png,5
5\5727.png,5
5\5728.png,5
5\5729.png,5
5\5730.png,5
5\5731.png,5
5\5776.png,5
5\5777.png,5
5\5778.png,5
5\5779.png,5
5\5780.png,5
5\5781.png,5
5\5782.png,5
5\5783.png,5
5\5784.png,5
5\5785.png,5
5\5786.png,5
5\5787.png,5
5\5788.png,5
5\5789.png,5
5\5790.png,5
5\5791.png,5
5\5792.png,5
5\5793.png,5
5\5794.png,5
5\5795.png,5
5\5796.png,5
5\5797.png,5
5\5798.png,5
5\5799.png,5
5\5800.png,5
5\5801.png,5
5\5802.png,5
5\5803.png,5
5\5804.png,5
5\5805.png,5
5\5806.png,5
5\5807.png,5
5\5808.png,5
5\5809.png,5
5\5810.png,5
5\5811.png,5
5\5812.png,5
5\5813.png,5
5\5833.png,5
5\5834.png,5
5\5835.png,5
5\5836.png,5
5\5837.png,5
5\5838.png,5
5\5839.png,5
5\5840.png,5
5\5841.png,5
5\5842.png,5
5\5843.png,5
5\5844.png,5
5\5845.png,5
5\5846.png,5
5\5847.png,5
5\5848.png,5
5\5850.png,5
5\5851.png,5
5\5852.png,5
5\5892.png,5
5\5893.png,5
5\5894.png,5
5\5895.png,5
5\5896.png,5
5\5897.png,5
5\5898.png,5
5\5899.png,5
5\5900.png,5
5\5901.png,5
5\5902.png,5
5\5903.png,5
5\5904.png,5
5\5905.png,5
5\5906.png,5
5\5907.png,5
5\5908.png,5
5\5909.png,5
5\5910.png,5
5\5911.png,5
5\5912.png,5
5\5913.png,5
5\5914.png,5
5\5949.png,5
5\5950.png,5
5\5951.png,5
5\5952.png,5
5\5953.png,5
5\5954.png,5
5\5955.png,5
5\5956.png,5
5\5957.png,5
5\5958.png,5
5\5959.png,5
5\5960.png,5
5\5961.png,5
5\5962.png,5
5\5963.png,5
5\5964.png,5
5\5965.png,5
5\5966.png,5
5\5967.png,5
5\5968.png,5
5\5969.png,5
5\5970.png,5
5\5971.png,5
5\5972.png,5
5\5973.png,5
5\5977.png,5
5\5978.png,5
5\5983.png,5
5\5984.png,5
5\5985.png,5
5\5986.png,5
5\5987.png,5
5\5988.png,5
5\5989.png,5
5\5990.png,5
5\5991.png,5
5\5992.png,5
5\5993.png,5
5\5994.png,5
5\5995.png,5
5\5996.png,5
5\5997.png,5
5\5998.png,5
5\5999.png,5
5\6000.png,5
5\6001.png,5
5\6002.png,5
5\6003.png,5
5\6004.png,5
5\6005.png,5
5\6006.png,5
5\6007.png,5
5\6008.png,5
5\6009.png,5
5\6010.png,5
5\6011.png,5
5\6012.png,5
5\6013.png,5
5\6014.png,5
5\6015.png,5
5\6016.png,5
5\6017.png,5
5\6345.png,5
5\6346.png,5
5\6347.png,5
5\6348.png,5
5\6349.png,5
5\6350.png,5
5\6351.png,5
5\6352.png,5
5\6353.png,5
5\6354.png,5
5\6355.png,5
5\6370.png,5
5\6371.png,5
5\6372.png,5
5\6373.png,5
5\6374.png,5
5\6375.png,5
5\6376.png,5
5\6377.png,5
5\6378.png,5
5\6379.png,5
5\6380.png,5
5\6381.png,5
5\6382.png,5
5\6383.png,5
5\6384.png,5
5\6385.png,5
5\6386.png,5
5\6387.png,5
5\6388.png,5
5\6389.png,5
5\6390.png,5
5\6391.png,5
5\6392.png,5
5\6393.png,5
5\6394.png,5
5\6395.png,5
5\6396.png,5
5\6397.png,5
5\6398.png,5
5\6399.png,5
5\6400.png,5
5\6401.png,5
5\6402.png,5
5\6403.png,5
5\6404.png,5
5\6405.png,5
5\6413.png,5
5\6414.png,5
5\6415.png,5
5\6416.png,5
5\6417.png,5
5\6418.png,5
5\6419.png,5
5\6420.png,5
5\6421.png,5
5\6422.png,5
5\6423.png,5
5\6424.png,5
5\6425.png,5
5\6426.png,5
5\6427.png,5
5\6428.png,5
5\6429.png,5
5\6449.png,5
5\6450.png,5
5\6451.png,5
5\6452.png,5
5\6453.png,5
5\6541.png,5
5\6542.png,5
5\6543.png,5
5\6544.png,5
5\6545.png,5
5\6546.png,5
5\6547.png,5
5\6548.png,5
5\6549.png,5
5\6550.png,5
5\6551.png,5
5\6552.png,5
5\6565.png,5
5\6566.png,5
5\6567.png,5
5\6568.png,5
5\6569.png,5
5\6570.png,5
5\6571.png,5
5\6572.png,5
5\6573.png,5
5\6576.png,5
5\6577.png,5
5\6673.png,5
5\6674.png,5
5\6675.png,5
5\6676.png,5
5\6677.png,5
5\6678.png,5
5\6679.png,5
5\6680.png,5
5\6681.png,5
5\6682.png,5
5\6683.png,5
5\6684.png,5
5\6685.png,5
5\6686.png,5
5\6687.png,5
5\6688.png,5
5\6689.png,5
5\6690.png,5
5\6716.png,5
5\6717.png,5
5\6718.png,5
5\6719.png,5
5\6720.png,5
5\6721.png,5
5\6722.png,5
5\6723.png,5
5\6724.png,5
5\6725.png,5
5\6726.png,5
5\6727.png,5
5\6728.png,5
5\6729.png,5
5\6730.png,5
5\6733.png,5
5\6734.png,5
5\6737.png,5
5\6741.png,5
5\6756.png,5
5\6757.png,5
5\6758.png,5
5\6759.png,5
5\6760.png,5
5\6761.png,5
5\6762.png,5
5\6763.png,5
5\6764.png,5
5\6765.png,5
5\6766.png,5
5\6767.png,5
5\6768.png,5
5\6769.png,5
5\6770.png,5
5\6771.png,5
5\6772.png,5
5\6773.png,5
5\6774.png,5
5\6974.png,5
5\6975.png,5
5\6976.png,5
5\6977.png,5
5\7005.png,5
5\7006.png,5
5\7007.png,5
5\7008.png,5
5\7009.png,5
5\7010.png,5
5\7011.png,5
5\7012.png,5
5\7013.png,5
5\7014.png,5
5\7015.png,5
5\7016.png,5
5\7017.png,5
5\7018.png,5
5\7019.png,5
5\7020.png,5
5\7185.png,5
5\7186.png,5
5\7187.png,5
5\7188.png,5
5\7189.png,5
5\7190.png,5
5\7191.png,5
5\7192.png,5
5\7193.png,5
5\7194.png,5
5\7195.png,5
5\7196.png,5
5\7197.png,5
5\7198.png,5
5\7199.png,5
5\7200.png,5
5\7273.png,5
5\7274.png,5
5\7275.png,5
5\7276.png,5
5\7277.png,5
5\7278.png,5
5\7279.png,5
5\7280.png,5
5\7281.png,5
5\7282.png,5
5\7283.png,5
5\7327.png,5
5\7328.png,5
5\7329.png,5
5\7330.png,5
5\7331.png,5
5\7332.png,5
5\7333.png,5
5\7334.png,5
5\7676.png,5
5\7677.png,5
5\7678.png,5
5\7679.png,5
5\7680.png,5
5\7681.png,5
5\7682.png,5
5\7683.png,5
5\7684.png,5
5\7685.png,5
5\7686.png,5
5\7907.png,5
5\7908.png,5
5\7909.png,5
5\7910.png,5
5\7911.png,5
5\7912.png,5
5\7913.png,5
5\7914.png,5
5\7915.png,5
5\7916.png,5
5\7917.png,5
5\7918.png,5
5\7919.png,5
5\7920.png,5
5\7921.png,5
5\7922.png,5
5\7923.png,5
5\7924.png,5
5\7925.png,5
5\8018.png,5
5\8019.png,5
5\8020.png,5
5\8021.png,5
5\8022.png,5
5\8023.png,5
5\8024.png,5
5\8025.png,5
5\8026.png,5
5\8027.png,5
5\8028.png,5
5\8029.png,5
5\8030.png,5
5\8031.png,5
5\8034.png,5
5\8035.png,5
5\8036.png,5
5\8037.png,5
5\8069.png,5
5\8070.png,5
5\8071.png,5
5\8072.png,5
5\8073.png,5
5\8074.png,5
5\8075.png,5
5\8076.png,5
5\8077.png,5
5\8078.png,5
5\8079.png,5
5\8080.png,5
5\8081.png,5
5\8082.png,5
5\8083.png,5
5\8084.png,5
5\8085.png,5
5\8086.png,5
5\8158.png,5
5\8159.png,5
6\116.png,6
6\117.png,6
6\118.png,6
6\3695.png,6
6\3696.png,6
6\3697.png,6
6\3698.png,6
6\3699.png,6
6\3700.png,6
6\3701.png,6
6\3702.png,6
6\3703.png,6
6\3704.png,6
6\3705.png,6
6\3706.png,6
6\3707.png,6
6\3708.png,6
6\3709.png,6
6\3710.png,6
6\3711.png,6
6\3712.png,6
6\3713.png,6
6\4013.png,6
6\4014.png,6
6\4015.png,6
6\4016.png,6
6\4017.png,6
6\4018.png,6
6\402.png,6
6\4025.png,6
6\4026.png,6
6\4027.png,6
6\4028.png,6
6\4029.png,6
6\403.png,6
6\4030.png,6
6\4031.png,6
6\4032.png,6
6\4033.png,6
6\4034.png,6
6\4035.png,6
6\4036.png,6
6\4037.png,6
6\4038.png,6
6\4039.png,6
6\404.png,6
6\4040.png,6
6\4041.png,6
6\4042.png,6
6\4043.png,6
6\4044.png,6
6\4045.png,6
6\4046.png,6
6\4047.png,6
6\4048.png,6
6\4049.png,6
6\405.png,6
6\4050.png,6
6\4051.png,6
6\4052.png,6
6\4057.png,6
6\406.png,6
6\407.png,6
6\408.png,6
6\409.png,6
6\410.png,6
6\411.png,6
6\4113.png,6
6\4114.png,6
6\4115.png,6
6\4116.png,6
6\4117.png,6
6\4118.png,6
6\4119.png,6
6\412.png,6
6\4120.png,6
6\4125.png,6
6\4126.png,6
6\4127.png,6
6\4128.png,6
6\4129.png,6
6\413.png,6
6\4130.png,6
6\4131.png,6
6\4132.png,6
6\4133.png,6
6\4134.png,6
6\4135.png,6
6\4136.png,6
6\4174.png,6
6\4175.png,6
6\4179.png,6
6\4181.png,6
6\4182.png,6
6\4183.png,6
6\4184.png,6
6\4250.png,6
6\4251.png,6
6\4252.png,6
6\4253.png,6
6\4254.png,6
6\4255.png,6
6\4256.png,6
6\4257.png,6
6\4258.png,6
6\4259.png,6
6\4260.png,6
6\4261.png,6
6\4343.png,6
6\4344.png,6
6\4345.png,6
6\4346.png,6
6\4347.png,6
6\4348.png,6
6\4349.png,6
6\4350.png,6
6\4351.png,6
6\4352.png,6
6\4353.png,6
6\4354.png,6
6\4355.png,6
6\4356.png,6
6\4357.png,6
6\4358.png,6
6\4359.png,6
6\4360.png,6
6\4361.png,6
6\4362.png,6
6\4372.png,6
6\4373.png,6
6\4374.png,6
6\4375.png,6
6\4376.png,6
6\4377.png,6
6\4378.png,6
6\4379.png,6
6\4380.png,6
6\4381.png,6
6\4382.png,6
6\4383.png,6
6\4384.png,6
6\4458.png,6
6\4459.png,6
6\4460.png,6
6\4461.png,6
6\4462.png,6
6\4463.png,6
6\4464.png,6
6\4465.png,6
6\4466.png,6
6\4467.png,6
6\4468.png,6
6\4469.png,6
6\4470.png,6
6\4532.png,6
6\4533.png,6
6\4535.png,6
6\4536.png,6
6\4562.png,6
6\4563.png,6
6\4638.png,6
6\4639.png,6
6\4640.png,6
6\4641.png,6
6\4642.png,6
6\4643.png,6
6\4644.png,6
6\4645.png,6
6\4646.png,6
6\4647.png,6
6\4648.png,6
6\4649.png,6
6\4650.png,6
6\4651.png,6
6\4652.png,6
6\4653.png,6
6\4654.png,6
6\4655.png,6
6\4656.png,6
6\4657.png,6
6\4658.png,6
6\4659.png,6
6\4660.png,6
6\4788.png,6
6\4789.png,6
6\4790.png,6
6\4791.png,6
6\4792.png,6
6\4793.png,6
6\4882.png,6
6\4883.png,6
6\4884.png,6
6\4885.png,6
6\4886.png,6
6\4887.png,6
6\4888.png,6
6\4889.png,6
6\4890.png,6
6\4891.png,6
6\4892.png,6
6\4893.png,6
6\4988.png,6
6\4989.png,6
6\4990.png,6
6\4991.png,6
6\4992.png,6
6\5028.png,6
6\5029.png,6
6\5030.png,6
6\5031.png,6
6\5032.png,6
6\5033.png,6
6\5034.png,6
6\5035.png,6
6\5036.png,6
6\5037.png,6
6\5038.png,6
6\5242.png,6
6\5243.png,6
6\5244.png,6
6\5245.png,6
6\5246.png,6
6\5247.png,6
6\5248.png,6
6\5249.png,6
6\5250.png,6
6\5251.png,6
6\5252.png,6
6\5253.png,6
6\531.png,6
6\5400.png,6
6\5401.png,6
6\5402.png,6
6\5403.png,6
6\5404.png,6
6\5405.png,6
6\5406.png,6
6\5407.png,6
6\5408.png,6
6\5409.png,6
6\5410.png,6
6\5411.png,6
6\5412.png,6
6\5415.png,6
6\5445.png,6
6\5446.png,6
6\5447.png,6
6\5448.png,6
6\5449.png,6
6\5450.png,6
6\5485.png,6
6\5486.png,6
6\5487.png,6
6\5488.png,6
6\5489.png,6
6\5536.png,6
6\5537.png,6
6\5538.png,6
6\5539.png,6
6\5540.png,6
6\5541.png,6
6\5542.png,6
6\5543.png,6
6\5544.png,6
6\5545.png,6
6\5546.png,6
6\5547.png,6
6\5548.png,6
6\5549.png,6
6\5550.png,6
6\5551.png,6
6\5552.png,6
6\5553.png,6
6\5554.png,6
6\5555.png,6
6\5556.png,6
6\5557.png,6
6\5586.png,6
6\5587.png,6
6\5588.png,6
6\5589.png,6
6\5590.png,6
6\5591.png,6
6\5592.png,6
6\5666.png,6
6\5667.png,6
6\5668.png,6
6\5669.png,6
6\5670.png,6
6\5671.png,6
6\5672.png,6
6\5673.png,6
6\5674.png,6
6\5675.png,6
6\5695.png,6
6\5696.png,6
6\5697.png,6
6\5698.png,6
6\5699.png,6
6\5700.png,6
6\5701.png,6
6\5702.png,6
6\5703.png,6
6\5704.png,6
6\5705.png,6
6\5706.png,6
6\5707.png,6
6\5708.png,6
6\5732.png,6
6\5733.png,6
6\5814.png,6
6\5854.png,6
6\5855.png,6
6\5856.png,6
6\5857.png,6
6\5858.png,6
6\5859.png,6
6\5860.png,6
6\5861.png,6
6\5862.png,6
6\5863.png,6
6\5864.png,6
6\5865.png,6
6\5866.png,6
6\5867.png,6
6\5868.png,6
6\5869.png,6
6\5870.png,6
6\5871.png,6
6\5872.png,6
6\5873.png,6
6\5874.png,6
6\5875.png,6
6\5876.png,6
6\5974.png,6
6\5975.png,6
6\5976.png,6
6\5979.png,6
6\5980.png,6
6\5981.png,6
6\5982.png,6
6\6053.png,6
6\6054.png,6
6\6055.png,6
6\6056.png,6
6\6057.png,6
6\6061.png,6
6\6062.png,6
6\6063.png,6
6\6064.png,6
6\6065.png,6
6\63.png,6
6\64.png,6
6\6498.png,6
6\6574.png,6
6\6575.png,6
6\66.png,6
6\6632.png,6
6\6633.png,6
6\6634.png,6
6\6635.png,6
6\6637.png,6
6\6638.png,6
6\6639.png,6
6\6664.png,6
6\6665.png,6
6\6666.png,6
6\6667.png,6
6\6668.png,6
6\6669.png,6
6\67.png,6
6\6745.png,6
6\6746.png,6
6\6747.png,6
6\68.png,6
6\6915.png,6
6\6916.png,6
6\6917.png,6
6\6918.png,6
6\6919.png,6
6\6920.png,6
6\7003.png,6
6\7004.png,6
6\7091.png,6
6\7092.png,6
6\7246.png,6
6\7247.png,6
6\7248.png,6
6\7249.png,6
6\7250.png,6
6\7252.png,6
6\7253.png,6
6\7254.png,6
6\7255.png,6
6\7256.png,6
6\7314.png,6
6\7315.png,6
6\7316.png,6
6\7317.png,6
6\7318.png,6
6\7319.png,6
6\7320.png,6
6\7321.png,6
6\7322.png,6
6\7323.png,6
6\7324.png,6
6\7325.png,6
6\7393.png,6
6\7400.png,6
6\7401.png,6
6\7402.png,6
6\7403.png,6
6\7406.png,6
6\7407.png,6
6\7670.png,6
6\7671.png,6
6\7672.png,6
6\7673.png,6
6\7674.png,6
6\7675.png,6
6\7687.png,6
6\7688.png,6
6\7689.png,6
6\7690.png,6
6\7691.png,6
6\7692.png,6
6\7693.png,6
6\7694.png,6
6\7695.png,6
6\7696.png,6
6\7697.png,6
6\7698.png,6
6\7699.png,6
6\7700.png,6
6\7701.png,6
6\7702.png,6
6\7703.png,6
6\7867.png,6
6\7890.png,6
6\8017.png,6
6\8087.png,6
6\8088.png,6
6\8089.png,6
7\1119.png,7
7\1120.png,7
7\1121.png,7
7\1122.png,7
7\1123.png,7
7\1124.png,7
7\1125.png,7
7\1126.png,7
7\1127.png,7
7\1128.png,7
7\1129.png,7
7\1130.png,7
7\1131.png,7
7\1132.png,7
7\1133.png,7
7\1134.png,7
7\1135.png,7
7\1136.png,7
7\1137.png,7
7\1138.png,7
7\1139.png,7
7\1140.png,7
7\1141.png,7
7\1142.png,7
7\1143.png,7
7\1144.png,7
7\1145.png,7
7\1147.png,7
7\1148.png,7
7\1177.png,7
7\1178.png,7
7\1179.png,7
7\1180.png,7
7\1181.png,7
7\1182.png,7
7\1183.png,7
7\1184.png,7
7\1185.png,7
7\1186.png,7
7\1187.png,7
7\1188.png,7
7\1189.png,7
7\1190.png,7
7\1191.png,7
7\1192.png,7
7\1235.png,7
7\1236.png,7
7\1237.png,7
7\1238.png,7
7\1239.png,7
7\1240.png,7
7\1241.png,7
7\1242.png,7
7\1243.png,7
7\1244.png,7
7\1245.png,7
7\1246.png,7
7\1247.png,7
7\1248.png,7
7\1249.png,7
7\1250.png,7
7\1251.png,7
7\1252.png,7
7\1253.png,7
7\1254.png,7
7\1255.png,7
7\1256.png,7
7\1257.png,7
7\1258.png,7
7\1259.png,7
7\1260.png,7
7\1261.png,7
7\1262.png,7
7\1263.png,7
7\1264.png,7
7\1265.png,7
7\1266.png,7
7\1267.png,7
7\1268.png,7
7\1269.png,7
7\1270.png,7
7\1271.png,7
7\1272.png,7
7\1273.png,7
7\1274.png,7
7\1275.png,7
7\1276.png,7
7\1277.png,7
7\1319.png,7
7\1320.png,7
7\1321.png,7
7\1322.png,7
7\1323.png,7
7\1324.png,7
7\1325.png,7
7\1326.png,7
7\1327.png,7
7\133.png,7
7\134.png,7
7\1340.png,7
7\1341.png,7
7\135.png,7
7\136.png,7
7\137.png,7
7\138.png,7
7\139.png,7
7\140.png,7
7\141.png,7
7\142.png,7
7\143.png,7
7\144.png,7
7\1455.png,7
7\1456.png,7
7\1457.png,7
7\1458.png,7
7\1459.png,7
7\1460.png,7
7\1461.png,7
7\1462.png,7
7\1463.png,7
7\1464.png,7
7\1465.png,7
7\1466.png,7
7\1467.png,7
7\1468.png,7
7\1469.png,7
7\1470.png,7
7\1471.png,7
7\1472.png,7
7\1473.png,7
7\1474.png,7
7\1475.png,7
7\1476.png,7
7\1477.png,7
7\1512.png,7
7\1513.png,7
7\1514.png,7
7\1515.png,7
7\1516.png,7
7\1517.png,7
7\1518.png,7
7\1519.png,7
7\1520.png,7
7\1521.png,7
7\1522.png,7
7\1523.png,7
7\1524.png,7
7\1525.png,7
7\1526.png,7
7\1603.png,7
7\1604.png,7
7\1605.png,7
7\1606.png,7
7\1607.png,7
7\1608.png,7
7\1609.png,7
7\1610.png,7
7\1611.png,7
7\1612.png,7
7\1613.png,7
7\1614.png,7
7\1615.png,7
7\1616.png,7
7\1617.png,7
7\1618.png,7
7\1619.png,7
7\1620.png,7
7\1621.png,7
7\1622.png,7
7\1623.png,7
7\1624.png,7
7\1625.png,7
7\1626.png,7
7\1627.png,7
7\1628.png,7
7\1629.png,7
7\1630.png,7
7\1682.png,7
7\1683.png,7
7\1684.png,7
7\1685.png,7
7\1686.png,7
7\1687.png,7
7\1688.png,7
7\1689.png,7
7\1690.png,7
7\1691.png,7
7\1692.png,7
7\1693.png,7
7\1694.png,7
7\1695.png,7
7\1696.png,7
7\1697.png,7
7\1698.png,7
7\1699.png,7
7\1700.png,7
7\1701.png,7
7\1745.png,7
7\1746.png,7
7\1747.png,7
7\1748.png,7
7\1749.png,7
7\1750.png,7
7\1751.png,7
7\1752.png,7
7\1753.png,7
7\1808.png,7
7\1809.png,7
7\1810.png,7
7\1811.png,7
7\1812.png,7
7\1813.png,7
7\1814.png,7
7\1815.png,7
7\1816.png,7
7\1817.png,7
7\1818.png,7
7\1819.png,7
7\1820.png,7
7\1821.png,7
7\1822.png,7
7\1823.png,7
7\1824.png,7
7\1825.png,7
7\1826.png,7
7\1827.png,7
7\1828.png,7
7\1868.png,7
7\1869.png,7
7\1870.png,7
7\1871.png,7
7\1872.png,7
7\1873.png,7
7\1874.png,7
7\1875.png,7
7\1876.png,7
7\1877.png,7
7\1878.png,7
7\1879.png,7
7\1880.png,7
7\1881.png,7
7\1882.png,7
7\1883.png,7
7\1884.png,7
7\1885.png,7
7\1886.png,7
7\1887.png,7
7\1888.png,7
7\1889.png,7
7\1890.png,7
7\1891.png,7
7\1892.png,7
7\1893.png,7
7\1894.png,7
7\1895.png,7
7\1896.png,7
7\1897.png,7
7\1898.png,7
7\1899.png,7
7\1900.png,7
7\1901.png,7
7\1902.png,7
7\1903.png,7
7\1943.png,7
7\1980.png,7
7\1981.png,7
7\1982.png,7
7\1983.png,7
7\1984.png,7
7\1985.png,7
7\1986.png,7
7\1987.png,7
7\1988.png,7
7\1989.png,7
7\1990.png,7
7\1991.png,7
7\1992.png,7
7\1993.png,7
7\1994.png,7
7\1995.png,7
7\1996.png,7
7\1997.png,7
7\1998.png,7
7\1999.png,7
7\2000.png,7
7\2001.png,7
7\2002.png,7
7\2003.png,7
7\2004.png,7
7\2005.png,7
7\2006.png,7
7\2007.png,7
7\2008.png,7
7\2009.png,7
7\2079.png,7
7\2080.png,7
7\2081.png,7
7\2082.png,7
7\2083.png,7
7\2084.png,7
7\2085.png,7
7\2086.png,7
7\2087.png,7
7\2088.png,7
7\2089.png,7
7\2090.png,7
7\2091.png,7
7\2092.png,7
7\2093.png,7
7\2287.png,7
7\2288.png,7
7\2289.png,7
7\2290.png,7
7\2291.png,7
7\2292.png,7
7\2293.png,7
7\2294.png,7
7\2295.png,7
7\2296.png,7
7\2297.png,7
7\2298.png,7
7\2299.png,7
7\2300.png,7
7\2301.png,7
7\2337.png,7
7\2376.png,7
7\2377.png,7
7\2378.png,7
7\2379.png,7
7\2380.png,7
7\2381.png,7
7\2382.png,7
7\2383.png,7
7\2384.png,7
7\2385.png,7
7\2386.png,7
7\2387.png,7
7\2388.png,7
7\2389.png,7
7\2390.png,7
7\2391.png,7
7\2392.png,7
7\2393.png,7
7\2394.png,7
7\2395.png,7
7\2396.png,7
7\2397.png,7
7\2398.png,7
7\2399.png,7
7\2400.png,7
7\2401.png,7
7\2402.png,7
7\2403.png,7
7\2404.png,7
7\2405.png,7
7\2406.png,7
7\2407.png,7
7\2408.png,7
7\2409.png,7
7\2445.png,7
7\2446.png,7
7\2447.png,7
7\2448.png,7
7\2449.png,7
7\2912.png,7
7\2913.png,7
7\2914.png,7
7\2915.png,7
7\2916.png,7
7\2917.png,7
7\2918.png,7
7\2919.png,7
7\2920.png,7
7\3161.png,7
7\3162.png,7
7\3163.png,7
7\3281.png,7
7\3282.png,7
7\3283.png,7
7\3284.png,7
7\3285.png,7
7\3286.png,7
7\3287.png,7
7\3288.png,7
7\3314.png,7
7\3315.png,7
7\3316.png,7
7\3317.png,7
7\3318.png,7
7\3319.png,7
7\3320.png,7
7\3321.png,7
7\3322.png,7
7\3323.png,7
7\3586.png,7
7\3587.png,7
7\3588.png,7
7\3589.png,7
7\3590.png,7
7\3591.png,7
7\3592.png,7
7\3593.png,7
7\3594.png,7
7\3595.png,7
7\3596.png,7
7\3597.png,7
7\3598.png,7
7\3599.png,7
7\3600.png,7
7\3601.png,7
7\3602.png,7
7\3603.png,7
7\3604.png,7
7\3605.png,7
7\3606.png,7
7\3607.png,7
7\3608.png,7
7\3609.png,7
7\3610.png,7
7\3611.png,7
7\3612.png,7
7\3613.png,7
7\3614.png,7
7\3615.png,7
7\3616.png,7
7\3617.png,7
7\3618.png,7
7\3619.png,7
7\3620.png,7
7\3621.png,7
7\3622.png,7
7\3623.png,7
7\3624.png,7
7\3625.png,7
7\3626.png,7
7\3627.png,7
7\3628.png,7
7\3629.png,7
7\3630.png,7
7\3631.png,7
7\3632.png,7
7\3633.png,7
7\3634.png,7
7\3635.png,7
7\3636.png,7
7\3637.png,7
7\3638.png,7
7\3639.png,7
7\3640.png,7
7\3641.png,7
7\3642.png,7
7\3643.png,7
7\3644.png,7
7\3645.png,7
7\3646.png,7
7\3647.png,7
7\3648.png,7
7\3649.png,7
7\3650.png,7
7\3651.png,7
7\3652.png,7
7\3653.png,7
7\3654.png,7
7\3655.png,7
7\3656.png,7
7\3657.png,7
7\3658.png,7
7\3659.png,7
7\3660.png,7
7\3670.png,7
7\3671.png,7
7\3867.png,7
7\3868.png,7
7\3869.png,7
7\3870.png,7
7\3871.png,7
7\3872.png,7
7\3873.png,7
7\3874.png,7
7\3875.png,7
7\3876.png,7
7\3877.png,7
7\3878.png,7
7\3879.png,7
7\3880.png,7
7\3881.png,7
7\3882.png,7
7\3883.png,7
7\3884.png,7
7\3885.png,7
7\3886.png,7
7\3887.png,7
7\3888.png,7
7\3889.png,7
7\3890.png,7
7\3891.png,7
7\3892.png,7
7\3893.png,7
7\3894.png,7
7\3895.png,7
7\3896.png,7
7\3897.png,7
7\4399.png,7
7\4400.png,7
7\4401.png,7
7\4402.png,7
7\4403.png,7
7\4404.png,7
7\4507.png,7
7\4508.png,7
7\4509.png,7
7\4510.png,7
7\4511.png,7
7\4512.png,7
7\4513.png,7
7\4514.png,7
7\4515.png,7
7\4516.png,7
7\4517.png,7
7\4518.png,7
7\4519.png,7
7\4520.png,7
7\4521.png,7
7\4522.png,7
7\4818.png,7
7\4819.png,7
7\4820.png,7
7\4821.png,7
7\4822.png,7
7\4823.png,7
7\4824.png,7
7\4825.png,7
7\4826.png,7
7\4827.png,7
7\4828.png,7
7\4829.png,7
7\4938.png,7
7\4939.png,7
7\4940.png,7
7\4941.png,7
7\4942.png,7
7\4943.png,7
7\4944.png,7
7\4945.png,7
7\4946.png,7
7\4947.png,7
7\5077.png,7
7\5078.png,7
7\5079.png,7
7\5080.png,7
7\5081.png,7
7\5082.png,7
7\5083.png,7
7\5084.png,7
7\5085.png,7
7\5086.png,7
7\5087.png,7
7\5088.png,7
7\5089.png,7
7\5090.png,7
7\5091.png,7
7\5122.png,7
7\5123.png,7
7\5124.png,7
7\5125.png,7
7\5126.png,7
7\5127.png,7
7\5128.png,7
7\5129.png,7
7\5130.png,7
7\5131.png,7
7\5132.png,7
7\5133.png,7
7\5134.png,7
7\5135.png,7
7\5136.png,7
7\5137.png,7
7\5301.png,7
7\5302.png,7
7\5303.png,7
7\5304.png,7
7\5306.png,7
7\5307.png,7
7\5308.png,7
7\5309.png,7
7\5310.png,7
7\5311.png,7
7\5312.png,7
7\5314.png,7
7\5315.png,7
7\5316.png,7
7\5317.png,7
7\5318.png,7
7\5319.png,7
7\5320.png,7
7\5321.png,7
7\5322.png,7
7\5323.png,7
7\5324.png,7
7\5325.png,7
7\5326.png,7
7\5327.png,7
7\5328.png,7
7\5329.png,7
7\5330.png,7
7\5331.png,7
7\5332.png,7
7\5333.png,7
7\5334.png,7
7\5335.png,7
7\671.png,7
7\672.png,7
7\673.png,7
7\674.png,7
7\6994.png,7
7\6995.png,7
7\6996.png,7
7\6997.png,7
7\6998.png,7
7\6999.png,7
7\7100.png,7
7\718.png,7
7\719.png,7
7\720.png,7
7\721.png,7
7\722.png,7
7\723.png,7
7\724.png,7
7\725.png,7
7\726.png,7
7\727.png,7
7\728.png,7
7\729.png,7
7\730.png,7
7\731.png,7
7\732.png,7
7\733.png,7
7\734.png,7
7\735.png,7
7\736.png,7
7\737.png,7
7\738.png,7
7\739.png,7
7\740.png,7
7\741.png,7
7\742.png,7
7\743.png,7
7\744.png,7
7\7446.png,7
7\7447.png,7
7\7448.png,7
7\7449.png,7
7\745.png,7
7\7450.png,7
7\7451.png,7
7\7452.png,7
7\746.png,7
7\747.png,7
7\748.png,7
7\749.png,7
7\750.png,7
7\751.png,7
7\752.png,7
7\753.png,7
7\754.png,7
7\7540.png,7
7\7541.png,7
7\7542.png,7
7\7543.png,7
7\7544.png,7
7\7545.png,7
7\7546.png,7
7\7547.png,7
7\7548.png,7
7\7549.png,7
7\755.png,7
7\7550.png,7
7\7551.png,7
7\7552.png,7
7\7553.png,7
7\7554.png,7
7\7555.png,7
7\7556.png,7
7\7557.png,7
7\7558.png,7
7\7559.png,7
7\756.png,7
7\7560.png,7
7\7561.png,7
7\7562.png,7
7\7563.png,7
7\7564.png,7
7\7565.png,7
7\7566.png,7
7\757.png,7
7\758.png,7
7\759.png,7
7\760.png,7
7\761.png,7
7\762.png,7
7\763.png,7
7\764.png,7
7\765.png,7
7\766.png,7
7\767.png,7
7\768.png,7
7\769.png,7
7\770.png,7
7\7735.png,7
7\7736.png,7
7\7737.png,7
7\7738.png,7
7\7739.png,7
8\1003.png,8
8\1004.png,8
8\1005.png,8
8\1006.png,8
8\1007.png,8
8\1008.png,8
8\1009.png,8
8\1010.png,8
8\1011.png,8
8\1012.png,8
8\1013.png,8
8\1057.png,8
8\1058.png,8
8\1059.png,8
8\1060.png,8
8\1061.png,8
8\1062.png,8
8\1063.png,8
8\1064.png,8
8\1065.png,8
8\1066.png,8
8\1098.png,8
8\1099.png,8
8\1100.png,8
8\1101.png,8
8\1102.png,8
8\1103.png,8
8\1104.png,8
8\1106.png,8
8\1107.png,8
8\1108.png,8
8\1157.png,8
8\1158.png,8
8\1159.png,8
8\1160.png,8
8\1161.png,8
8\1162.png,8
8\1163.png,8
8\1164.png,8
8\1165.png,8
8\1214.png,8
8\1215.png,8
8\1216.png,8
8\1217.png,8
8\1218.png,8
8\1219.png,8
8\1220.png,8
8\1221.png,8
8\1299.png,8
8\1300.png,8
8\1301.png,8
8\1302.png,8
8\1303.png,8
8\1304.png,8
8\1305.png,8
8\1306.png,8
8\1435.png,8
8\1436.png,8
8\1437.png,8
8\1438.png,8
8\1439.png,8
8\1440.png,8
8\1441.png,8
8\1442.png,8
8\1443.png,8
8\1493.png,8
8\1494.png,8
8\1495.png,8
8\1496.png,8
8\1497.png,8
8\1498.png,8
8\1499.png,8
8\1500.png,8
8\1501.png,8
8\1585.png,8
8\1586.png,8
8\1587.png,8
8\1588.png,8
8\1589.png,8
8\1590.png,8
8\1591.png,8
8\1592.png,8
8\1661.png,8
8\1662.png,8
8\1663.png,8
8\1664.png,8
8\1665.png,8
8\1666.png,8
8\1667.png,8
8\1668.png,8
8\1669.png,8
8\1670.png,8
8\1725.png,8
8\1726.png,8
8\1727.png,8
8\1728.png,8
8\1729.png,8
8\1730.png,8
8\1731.png,8
8\1732.png,8
8\178.png,8
8\1787.png,8
8\1788.png,8
8\1789.png,8
8\179.png,8
8\1790.png,8
8\1791.png,8
8\1792.png,8
8\1793.png,8
8\1794.png,8
8\1795.png,8
8\1796.png,8
8\181.png,8
8\182.png,8
8\183.png,8
8\184.png,8
8\1845.png,8
8\1846.png,8
8\1847.png,8
8\1848.png,8
8\1849.png,8
8\185.png,8
8\1850.png,8
8\1851.png,8
8\1852.png,8
8\1853.png,8
8\1854.png,8
8\1855.png,8
8\1856.png,8
8\186.png,8
8\187.png,8
8\188.png,8
8\189.png,8
8\1932.png,8
8\1933.png,8
8\1934.png,8
8\1935.png,8
8\1936.png,8
8\1937.png,8
8\1938.png,8
8\1939.png,8
8\1940.png,8
8\1941.png,8
8\1942.png,8
8\1961.png,8
8\1962.png,8
8\1963.png,8
8\1964.png,8
8\1965.png,8
8\1966.png,8
8\1967.png,8
8\1968.png,8
8\2039.png,8
8\2040.png,8
8\2041.png,8
8\2042.png,8
8\2043.png,8
8\2044.png,8
8\2045.png,8
8\2046.png,8
8\2047.png,8
8\2048.png,8
8\2049.png,8
8\2050.png,8
8\2051.png,8
8\2052.png,8
8\2053.png,8
8\2054.png,8
8\2055.png,8
8\2056.png,8
8\2057.png,8
8\2058.png,8
8\2059.png,8
8\2060.png,8
8\2061.png,8
8\2062.png,8
8\2063.png,8
8\2135.png,8
8\2136.png,8
8\2137.png,8
8\2138.png,8
8\2139.png,8
8\2140.png,8
8\2141.png,8
8\2142.png,8
8\2143.png,8
8\2144.png,8
8\2145.png,8
8\2146.png,8
8\2147.png,8
8\2148.png,8
8\2182.png,8
8\2183.png,8
8\2184.png,8
8\2185.png,8
8\2186.png,8
8\2187.png,8
8\2188.png,8
8\2189.png,8
8\2190.png,8
8\2203.png,8
8\2234.png,8
8\2265.png,8
8\2266.png,8
8\2267.png,8
8\2268.png,8
8\2269.png,8
8\2270.png,8
8\2271.png,8
8\2272.png,8
8\2273.png,8
8\2309.png,8
8\2310.png,8
8\2311.png,8
8\2312.png,8
8\2313.png,8
8\2314.png,8
8\2315.png,8
8\2316.png,8
8\2317.png,8
8\2318.png,8
8\2319.png,8
8\2320.png,8
8\2321.png,8
8\2322.png,8
8\2348.png,8
8\2349.png,8
8\2350.png,8
8\2351.png,8
8\2352.png,8
8\2353.png,8
8\2354.png,8
8\2355.png,8
8\2356.png,8
8\2357.png,8
8\2358.png,8
8\2359.png,8
8\2360.png,8
8\2361.png,8
8\2423.png,8
8\2424.png,8
8\2425.png,8
8\2426.png,8
8\2427.png,8
8\2428.png,8
8\2429.png,8
8\2430.png,8
8\2431.png,8
8\2432.png,8
8\2469.png,8
8\2470.png,8
8\2471.png,8
8\2472.png,8
8\2473.png,8
8\2474.png,8
8\2475.png,8
8\2488.png,8
8\2489.png,8
8\2490.png,8
8\2491.png,8
8\2528.png,8
8\2594.png,8
8\2595.png,8
8\2596.png,8
8\2597.png,8
8\2598.png,8
8\2599.png,8
8\2600.png,8
8\2601.png,8
8\2602.png,8
8\2603.png,8
8\2604.png,8
8\2605.png,8
8\2606.png,8
8\2607.png,8
8\2608.png,8
8\2609.png,8
8\2610.png,8
8\2611.png,8
8\2612.png,8
8\2613.png,8
8\2614.png,8
8\2617.png,8
8\2619.png,8
8\2651.png,8
8\2834.png,8
8\2835.png,8
8\2836.png,8
8\2837.png,8
8\2838.png,8
8\2839.png,8
8\2840.png,8
8\3062.png,8
8\3063.png,8
8\3064.png,8
8\3065.png,8
8\3066.png,8
8\3067.png,8
8\3068.png,8
8\3069.png,8
8\3070.png,8
8\3104.png,8
8\3105.png,8
8\3106.png,8
8\3107.png,8
8\3108.png,8
8\3109.png,8
8\3110.png,8
8\3133.png,8
8\3134.png,8
8\3135.png,8
8\3136.png,8
8\3137.png,8
8\3138.png,8
8\3139.png,8
8\3140.png,8
8\3141.png,8
8\3142.png,8
8\3143.png,8
8\3144.png,8
8\3145.png,8
8\3146.png,8
8\3255.png,8
8\3256.png,8
8\3257.png,8
8\3258.png,8
8\3259.png,8
8\3260.png,8
8\3261.png,8
8\3262.png,8
8\3263.png,8
8\3264.png,8
8\3265.png,8
8\3266.png,8
8\3267.png,8
8\3302.png,8
8\3303.png,8
8\3304.png,8
8\3305.png,8
8\3435.png,8
8\3436.png,8
8\3488.png,8
8\3489.png,8
8\3490.png,8
8\3517.png,8
8\3518.png,8
8\3519.png,8
8\3520.png,8
8\3521.png,8
8\3522.png,8
8\3523.png,8
8\3524.png,8
8\3525.png,8
8\3526.png,8
8\3527.png,8
8\3528.png,8
8\3567.png,8
8\3568.png,8
8\3569.png,8
8\3570.png,8
8\3571.png,8
8\3572.png,8
8\3573.png,8
8\3685.png,8
8\3686.png,8
8\3687.png,8
8\3688.png,8
8\3689.png,8
8\3690.png,8
8\3691.png,8
8\3692.png,8
8\3693.png,8
8\3694.png,8
8\3847.png,8
8\3848.png,8
8\3849.png,8
8\3850.png,8
8\3851.png,8
8\3852.png,8
8\3853.png,8
8\3854.png,8
8\3855.png,8
8\3980.png,8
8\3981.png,8
8\3982.png,8
8\3983.png,8
8\3984.png,8
8\3985.png,8
8\3986.png,8
8\3987.png,8
8\3988.png,8
8\3989.png,8
8\3990.png,8
8\3991.png,8
8\3992.png,8
8\3993.png,8
8\3994.png,8
8\3995.png,8
8\3996.png,8
8\3997.png,8
8\3998.png,8
8\3999.png,8
8\4021.png,8
8\4022.png,8
8\4023.png,8
8\4075.png,8
8\4076.png,8
8\4077.png,8
8\4078.png,8
8\4079.png,8
8\4080.png,8
8\4081.png,8
8\4082.png,8
8\4083.png,8
8\4084.png,8
8\4085.png,8
8\4086.png,8
8\4087.png,8
8\4088.png,8
8\4089.png,8
8\4090.png,8
8\4091.png,8
8\4092.png,8
8\4093.png,8
8\4094.png,8
8\4095.png,8
8\4096.png,8
8\4097.png,8
8\4098.png,8
8\4099.png,8
8\4100.png,8
8\4101.png,8
8\4102.png,8
8\4103.png,8
8\4104.png,8
8\4106.png,8
8\4108.png,8
8\4109.png,8
8\4110.png,8
8\4156.png,8
8\4157.png,8
8\4158.png,8
8\4159.png,8
8\4160.png,8
8\4161.png,8
8\4162.png,8
8\4163.png,8
8\4164.png,8
8\4165.png,8
8\4166.png,8
8\4167.png,8
8\4168.png,8
8\4240.png,8
8\4241.png,8
8\4242.png,8
8\4243.png,8
8\4244.png,8
8\4245.png,8
8\4246.png,8
8\4247.png,8
8\4248.png,8
8\4249.png,8
8\4292.png,8
8\4293.png,8
8\4294.png,8
8\4295.png,8
8\4296.png,8
8\4297.png,8
8\4298.png,8
8\4323.png,8
8\4324.png,8
8\4325.png,8
8\4326.png,8
8\4327.png,8
8\4328.png,8
8\4329.png,8
8\4330.png,8
8\4331.png,8
8\4332.png,8
8\4333.png,8
8\4334.png,8
8\4335.png,8
8\4336.png,8
8\4337.png,8
8\4338.png,8
8\4339.png,8
8\4340.png,8
8\4341.png,8
8\4342.png,8
8\4445.png,8
8\4446.png,8
8\4447.png,8
8\4448.png,8
8\4449.png,8
8\4450.png,8
8\4451.png,8
8\4452.png,8
8\4453.png,8
8\4454.png,8
8\4455.png,8
8\4456.png,8
8\4457.png,8
8\4471.png,8
8\4472.png,8
8\4473.png,8
8\4550.png,8
8\4551.png,8
8\4552.png,8
8\4553.png,8
8\4554.png,8
8\4555.png,8
8\4556.png,8
8\4557.png,8
8\4558.png,8
8\4559.png,8
8\4560.png,8
8\4561.png,8
8\4576.png,8
8\4577.png,8
8\4578.png,8
8\4579.png,8
8\4580.png,8
8\4581.png,8
8\4582.png,8
8\4583.png,8
8\4584.png,8
8\4585.png,8
8\4586.png,8
8\4587.png,8
8\4588.png,8
8\4589.png,8
8\4590.png,8
8\4591.png,8
8\4592.png,8
8\4593.png,8
8\4594.png,8
8\4595.png,8
8\4596.png,8
8\4597.png,8
8\4598.png,8
8\4599.png,8
8\4600.png,8
8\4601.png,8
8\4602.png,8
8\4621.png,8
8\4622.png,8
8\4623.png,8
8\4624.png,8
8\4625.png,8
8\4626.png,8
8\4627.png,8
8\4628.png,8
8\4629.png,8
8\4630.png,8
8\4631.png,8
8\4632.png,8
8\4633.png,8
8\4634.png,8
8\4635.png,8
8\4636.png,8
8\4637.png,8
8\4668.png,8
8\4669.png,8
8\4670.png,8
8\4671.png,8
8\4672.png,8
8\5387.png,8
8\5388.png,8
8\5389.png,8
8\5390.png,8
8\5391.png,8
8\5392.png,8
8\5393.png,8
8\5394.png,8
8\5395.png,8
8\5396.png,8
8\5397.png,8
8\5398.png,8
8\5399.png,8
8\5432.png,8
8\5433.png,8
8\5434.png,8
8\5435.png,8
8\5436.png,8
8\5437.png,8
8\5438.png,8
8\5439.png,8
8\5440.png,8
8\5441.png,8
8\5442.png,8
8\5443.png,8
8\5444.png,8
8\5476.png,8
8\5477.png,8
8\5481.png,8
8\5504.png,8
8\5505.png,8
8\5506.png,8
8\5507.png,8
8\5508.png,8
8\5509.png,8
8\5510.png,8
8\5511.png,8
8\5512.png,8
8\5513.png,8
8\5514.png,8
8\5515.png,8
8\5516.png,8
8\5571.png,8
8\5572.png,8
8\5573.png,8
8\5574.png,8
8\5575.png,8
8\5576.png,8
8\5577.png,8
8\5578.png,8
8\5579.png,8
8\5580.png,8
8\5581.png,8
8\5582.png,8
8\5583.png,8
8\5584.png,8
8\5585.png,8
8\5605.png,8
8\5606.png,8
8\5607.png,8
8\5608.png,8
8\5609.png,8
8\5610.png,8
8\5611.png,8
8\5612.png,8
8\5613.png,8
8\5614.png,8
8\5849.png,8
8\5853.png,8
8\5928.png,8
8\5929.png,8
8\5930.png,8
8\5931.png,8
8\5932.png,8
8\5933.png,8
8\5934.png,8
8\5935.png,8
8\5936.png,8
8\5937.png,8
8\5938.png,8
8\5939.png,8
8\5940.png,8
8\5941.png,8
8\5942.png,8
8\5943.png,8
8\5944.png,8
8\5945.png,8
8\5946.png,8
8\5947.png,8
8\5948.png,8
8\6051.png,8
8\6052.png,8
8\6114.png,8
8\6115.png,8
8\6116.png,8
8\6117.png,8
8\6118.png,8
8\6119.png,8
8\6120.png,8
8\6121.png,8
8\6122.png,8
8\6123.png,8
8\6124.png,8
8\6159.png,8
8\6160.png,8
8\6161.png,8
8\6162.png,8
8\6163.png,8
8\6164.png,8
8\6165.png,8
8\6166.png,8
8\6167.png,8
8\6168.png,8
8\6169.png,8
8\6170.png,8
8\6171.png,8
8\6172.png,8
8\6173.png,8
8\6174.png,8
8\6175.png,8
8\6176.png,8
8\6177.png,8
8\6178.png,8
8\6179.png,8
8\6180.png,8
8\6181.png,8
8\6214.png,8
8\6215.png,8
8\6216.png,8
8\6217.png,8
8\6218.png,8
8\6219.png,8
8\6220.png,8
8\6221.png,8
8\6222.png,8
8\6223.png,8
8\6224.png,8
8\6225.png,8
8\6226.png,8
8\6227.png,8
8\6247.png,8
8\6248.png,8
8\6249.png,8
8\6250.png,8
8\6251.png,8
8\6252.png,8
8\6253.png,8
8\6254.png,8
8\6255.png,8
8\6256.png,8
8\6257.png,8
8\6265.png,8
8\6266.png,8
8\6267.png,8
8\6268.png,8
8\6269.png,8
8\6270.png,8
8\6271.png,8
8\6272.png,8
8\6273.png,8
8\6274.png,8
8\6275.png,8
8\6276.png,8
8\6277.png,8
8\6278.png,8
8\6306.png,8
8\6307.png,8
8\6308.png,8
8\6309.png,8
8\6310.png,8
8\6311.png,8
8\6312.png,8
8\6313.png,8
8\6314.png,8
8\6315.png,8
8\6316.png,8
8\6317.png,8
8\6318.png,8
8\6319.png,8
8\6320.png,8
8\6321.png,8
8\6322.png,8
8\6323.png,8
8\6324.png,8
8\6325.png,8
8\6326.png,8
8\6327.png,8
8\6328.png,8
8\6329.png,8
8\6330.png,8
8\6331.png,8
8\6332.png,8
8\6466.png,8
8\6467.png,8
8\6468.png,8
8\6469.png,8
8\6470.png,8
8\6471.png,8
8\6472.png,8
8\6473.png,8
8\6474.png,8
8\6475.png,8
8\6476.png,8
8\6477.png,8
8\6478.png,8
8\6479.png,8
8\6480.png,8
8\6481.png,8
8\6482.png,8
8\6483.png,8
8\6484.png,8
8\6485.png,8
8\6486.png,8
8\6487.png,8
8\6488.png,8
8\6489.png,8
8\6490.png,8
8\6491.png,8
8\6492.png,8
8\6493.png,8
8\6494.png,8
8\6495.png,8
8\6496.png,8
8\6497.png,8
8\6499.png,8
8\6500.png,8
8\6501.png,8
8\6502.png,8
8\6503.png,8
8\6504.png,8
8\6505.png,8
8\6506.png,8
8\6507.png,8
8\6508.png,8
8\6509.png,8
8\6510.png,8
8\6511.png,8
8\6512.png,8
8\6513.png,8
8\6514.png,8
8\6515.png,8
8\6516.png,8
8\6517.png,8
8\6518.png,8
8\6519.png,8
8\6520.png,8
8\6521.png,8
8\6522.png,8
8\6523.png,8
8\6524.png,8
8\6538.png,8
8\6539.png,8
8\6540.png,8
8\6612.png,8
8\6613.png,8
8\6614.png,8
8\6615.png,8
8\6616.png,8
8\6617.png,8
8\6618.png,8
8\6619.png,8
8\6620.png,8
8\6621.png,8
8\6622.png,8
8\6623.png,8
8\6624.png,8
8\6625.png,8
8\6626.png,8
8\6627.png,8
8\6628.png,8
8\6629.png,8
8\6630.png,8
8\6631.png,8
8\6636.png,8
8\6742.png,8
8\6988.png,8
8\6989.png,8
8\6990.png,8
8\6991.png,8
8\6992.png,8
8\6993.png,8
8\7086.png,8
8\7087.png,8
8\7088.png,8
8\7089.png,8
8\7090.png,8
8\7150.png,8
8\7151.png,8
8\7152.png,8
8\7153.png,8
8\7154.png,8
8\7155.png,8
8\7156.png,8
8\7157.png,8
8\7158.png,8
8\7159.png,8
8\7160.png,8
8\7161.png,8
8\7162.png,8
8\7163.png,8
8\7164.png,8
8\7166.png,8
8\7167.png,8
8\7168.png,8
8\7232.png,8
8\7233.png,8
8\7234.png,8
8\7235.png,8
8\7236.png,8
8\7237.png,8
8\7238.png,8
8\7239.png,8
8\7240.png,8
8\7241.png,8
8\7242.png,8
8\7243.png,8
8\7244.png,8
8\7245.png,8
8\7251.png,8
8\7257.png,8
8\7258.png,8
8\7259.png,8
8\7304.png,8
8\7305.png,8
8\7306.png,8
8\7307.png,8
8\7308.png,8
8\7309.png,8
8\7310.png,8
8\7311.png,8
8\7312.png,8
8\7313.png,8
8\7348.png,8
8\7349.png,8
8\7350.png,8
8\7351.png,8
8\7352.png,8
8\7353.png,8
8\7354.png,8
8\7355.png,8
8\7356.png,8
8\7357.png,8
8\7358.png,8
8\7359.png,8
8\7360.png,8
8\7361.png,8
8\7362.png,8
8\7363.png,8
8\7364.png,8
8\7365.png,8
8\7366.png,8
8\7367.png,8
8\7368.png,8
8\7369.png,8
8\7370.png,8
8\7388.png,8
8\7389.png,8
8\7390.png,8
8\7391.png,8
8\7395.png,8
8\7396.png,8
8\7397.png,8
8\7398.png,8
8\7422.png,8
8\7423.png,8
8\7424.png,8
8\7425.png,8
8\7426.png,8
8\7427.png,8
8\7428.png,8
8\7429.png,8
8\7430.png,8
8\7431.png,8
8\7432.png,8
8\7433.png,8
8\7434.png,8
8\7468.png,8
8\7469.png,8
8\7470.png,8
8\7471.png,8
8\7472.png,8
8\7473.png,8
8\7474.png,8
8\7475.png,8
8\7476.png,8
8\7477.png,8
8\7478.png,8
8\7479.png,8
8\7480.png,8
8\7481.png,8
8\7482.png,8
8\7483.png,8
8\7484.png,8
8\7485.png,8
8\7486.png,8
8\7487.png,8
8\7488.png,8
8\7489.png,8
8\7490.png,8
8\7491.png,8
8\7514.png,8
8\7515.png,8
8\7516.png,8
8\7517.png,8
8\7518.png,8
8\7519.png,8
8\7520.png,8
8\7521.png,8
8\7522.png,8
8\7523.png,8
8\7524.png,8
8\7525.png,8
8\7526.png,8
8\7527.png,8
8\7668.png,8
8\7669.png,8
8\7711.png,8
8\7712.png,8
8\7713.png,8
8\7714.png,8
8\7715.png,8
8\7716.png,8
8\7717.png,8
8\7750.png,8
8\7751.png,8
8\7752.png,8
8\7753.png,8
8\7754.png,8
8\7755.png,8
8\7756.png,8
8\7757.png,8
8\7758.png,8
8\7759.png,8
8\7760.png,8
8\7761.png,8
8\7762.png,8
8\7763.png,8
8\7764.png,8
8\7765.png,8
8\7783.png,8
8\7784.png,8
8\7785.png,8
8\7786.png,8
8\7787.png,8
8\7788.png,8
8\7789.png,8
8\7790.png,8
8\7791.png,8
8\7792.png,8
8\7814.png,8
8\7815.png,8
8\7816.png,8
8\7817.png,8
8\7818.png,8
8\7819.png,8
8\7820.png,8
8\7821.png,8
8\7822.png,8
8\7823.png,8
8\7824.png,8
8\7833.png,8
8\7834.png,8
8\7835.png,8
8\7836.png,8
8\7837.png,8
8\7838.png,8
8\7839.png,8
8\7854.png,8
8\7855.png,8
8\7856.png,8
8\7857.png,8
8\7858.png,8
8\7859.png,8
8\7860.png,8
8\7861.png,8
8\7862.png,8
8\7863.png,8
8\7864.png,8
8\7865.png,8
8\7939.png,8
8\7940.png,8
8\7941.png,8
8\7942.png,8
8\7943.png,8
8\7944.png,8
8\7945.png,8
8\7946.png,8
8\7947.png,8
8\7948.png,8
8\7949.png,8
8\7950.png,8
8\7951.png,8
8\7952.png,8
8\7953.png,8
8\7954.png,8
8\7955.png,8
8\7956.png,8
8\7957.png,8
8\7958.png,8
8\7959.png,8
8\7960.png,8
8\7961.png,8
8\7962.png,8
8\7963.png,8
8\7964.png,8
8\7965.png,8
8\7966.png,8
8\7967.png,8
8\7968.png,8
8\7969.png,8
8\7970.png,8
8\7971.png,8
8\7988.png,8
8\7989.png,8
8\7990.png,8
8\7991.png,8
8\7992.png,8
8\7993.png,8
8\7994.png,8
8\7995.png,8
8\7996.png,8
8\7997.png,8
8\7998.png,8
8\7999.png,8
8\8000.png,8
8\8001.png,8
8\8002.png,8
8\8003.png,8
8\8004.png,8
8\8005.png,8
8\8006.png,8
8\8007.png,8
8\8008.png,8
8\8009.png,8
8\8010.png,8
8\8011.png,8
8\8012.png,8
8\8013.png,8
8\8014.png,8
8\8015.png,8
8\8016.png,8
8\8032.png,8
8\8033.png,8
8\8038.png,8
8\8039.png,8
8\8040.png,8
8\8041.png,8
8\8042.png,8
8\8043.png,8
8\8044.png,8
8\8045.png,8
8\8046.png,8
8\8047.png,8
8\8048.png,8
8\8049.png,8
8\8050.png,8
8\8051.png,8
8\8052.png,8
8\8053.png,8
8\8054.png,8
8\8055.png,8
8\8056.png,8
8\8057.png,8
8\8106.png,8
8\8107.png,8
8\8108.png,8
8\8109.png,8
8\8110.png,8
8\8111.png,8
8\8112.png,8
8\8113.png,8
8\8114.png,8
8\8115.png,8
8\8116.png,8
8\8117.png,8
8\8118.png,8
8\8119.png,8
8\8120.png,8
8\8153.png,8
8\8154.png,8
8\8155.png,8
8\8156.png,8
8\8157.png,8
8\8180.png,8
8\8181.png,8
8\8182.png,8
8\8183.png,8
8\8184.png,8
8\8185.png,8
8\8186.png,8
8\8187.png,8
8\8188.png,8
8\8189.png,8
8\8190.png,8
8\8191.png,8
8\8192.png,8
8\8193.png,8
8\8194.png,8
8\8195.png,8
8\8196.png,8
8\911.png,8
8\912.png,8
8\913.png,8
8\914.png,8
8\915.png,8
8\916.png,8
8\937.png,8
8\938.png,8
8\939.png,8
8\940.png,8
8\941.png,8
8\957.png,8
8\958.png,8
8\959.png,8
8\960.png,8
8\961.png,8
8\962.png,8
8\963.png,8
8\964.png,8
8\965.png,8
9\2754.png,9
9\2755.png,9
9\2756.png,9
9\2757.png,9
9\2758.png,9
9\2759.png,9
9\2760.png,9
9\2761.png,9
9\2762.png,9
9\2763.png,9
9\2764.png,9
9\2765.png,9
9\2766.png,9
9\2767.png,9
9\2768.png,9
9\2769.png,9
9\2770.png,9
9\2771.png,9
9\2772.png,9
9\2773.png,9
9\2774.png,9
9\2775.png,9
9\2776.png,9
9\2777.png,9
9\2778.png,9
9\2779.png,9
9\2780.png,9
9\2803.png,9
9\2804.png,9
9\2805.png,9
9\2806.png,9
9\2807.png,9
9\2808.png,9
9\2809.png,9
9\2810.png,9
9\2811.png,9
9\2812.png,9
9\2813.png,9
9\2958.png,9
9\2959.png,9
9\2960.png,9
9\2961.png,9
9\2962.png,9
9\2963.png,9
9\2964.png,9
9\2965.png,9
9\2966.png,9
9\2967.png,9
9\2968.png,9
9\2969.png,9
9\2970.png,9
9\2971.png,9
9\2972.png,9
9\2973.png,9
9\2974.png,9
9\3234.png,9
9\3235.png,9
9\3239.png,9
9\3240.png,9
9\3241.png,9
9\6659.png,9
9\6885.png,9
9\6886.png,9
9\6887.png,9
9\6888.png,9
9\6889.png,9
9\6890.png,9
9\6891.png,9
9\6892.png,9
9\6893.png,9
9\6894.png,9
9\6895.png,9
9\6896.png,9
9\6897.png,9
9\6898.png,9
9\6900.png,9
9\6901.png,9
9\6902.png,9
9\6903.png,9
9\6904.png,9
9\6905.png,9
9\6906.png,9
9\6907.png,9
9\6908.png,9
9\6909.png,9
9\6910.png,9
9\6911.png,9
9\6912.png,9
9\6913.png,9
9\6914.png,9
9\6921.png,9
9\6922.png,9
9\6923.png,9
9\6924.png,9
9\6925.png,9
9\6926.png,9
9\6927.png,9
9\6928.png,9
9\6929.png,9
9\6930.png,9
9\6931.png,9
9\6932.png,9
9\6933.png,9
9\6937.png,9
9\6938.png,9
9\7174.png,9
9\7175.png,9
9\7202.png,9
9\7203.png,9
9\7204.png,9
9\7205.png,9
9\7206.png,9
9\7207.png,9
9\7208.png,9
9\7209.png,9
9\7210.png,9
9\7211.png,9
9\7212.png,9
9\7213.png,9
9\7214.png,9
9\7374.png,9
9\7375.png,9
9\7376.png,9
9\7377.png,9
9\7378.png,9
9\7379.png,9
9\7380.png,9
9\7381.png,9
9\7382.png,9
9\7383.png,9
9\7384.png,9
9\7386.png,9
9\74.png,9
9\75.png,9
9\76.png,9
9\77.png,9
9\78.png,9
9\8094.png,9
9\8095.png,9
9\8096.png,9
9\8097.png,9
9\8098.png,9
9\8099.png,9
9\8100.png,9
9\8101.png,9
9\8102.png,9
9\8103.png,9
9\8104.png,9
9\8105.png,9
